Timestamp,Wind Speed (m/s),Temperature (°C),Solar Irradiance (W/m²),Power Output (kW),Vibration Level,Oil Temperature (°C),Maintenance Flag,Fault Flag,Remaining Useful Life (days)
1/1/2023 0:00,20.87919939,31.18912743,668.3906457,68.38823313,1.640523103,56.23182699,0,0,16
1/1/2023 1:00,19.50505016,4.425651584,826.3058928,75.72547351,7.444513456,72.0676432,0,0,7
1/1/2023 2:00,12.19231324,5.122988128,455.239273,45.14649586,1.380219758,74.84240034,0,0,19
1/1/2023 3:00,13.0299902,9.062441655,714.1535265,29.92634448,9.488438468,56.71799464,0,0,1
1/1/2023 4:00,18.40253284,38.63972545,287.0398777,36.69377486,5.81972713,49.62146378,0,0,14
1/1/2023 5:00,13.42256175,30.4833838,340.6375214,51.00899269,5.815238057,67.01712499,0,0,9
1/1/2023 6:00,15.55864709,-0.811872464,379.8491931,47.63159621,1.295201591,62.34372127,0,0,21
1/1/2023 7:00,24.91153801,38.57253598,596.9487688,44.5682989,7.589754647,69.04009815,0,0,21
1/1/2023 8:00,11.4410381,33.8475252,97.24833321,76.38655314,6.054886471,94.06068245,0,0,12
1/1/2023 9:00,11.50164348,24.78335737,55.13334968,78.92163225,4.800204125,98.49473342,0,0,5
1/1/2023 10:00,6.385197642,4.132463535,290.7344682,81.50383615,7.074519846,94.53843401,0,0,26
1/1/2023 11:00,23.3027362,9.143636337,458.7873893,65.00880974,2.650890527,42.15727941,0,0,7
1/1/2023 12:00,23.2828383,37.10264483,423.292438,58.38452752,0.818680998,82.52399955,1,0,11
1/1/2023 13:00,20.18642329,32.92070933,980.1115568,22.31985151,1.297503971,37.15365381,0,0,11
1/1/2023 14:00,1.926590165,1.045893299,837.1608263,18.44269585,1.448537047,51.56524027,0,0,23
1/1/2023 15:00,12.98516743,13.3594818,359.8417652,92.77369531,3.272008852,54.27440076,1,0,15
1/1/2023 16:00,18.96604798,30.07772783,595.7095825,97.06437744,1.528111449,58.35626014,0,0,4
1/1/2023 17:00,15.96362502,-3.428946248,61.36456685,19.30144036,4.413813051,99.49744626,0,0,21
1/1/2023 18:00,24.72474028,27.46894288,595.523821,72.27987736,0.023468818,87.80443074,1,1,24
1/1/2023 19:00,2.957307825,14.42876727,696.7094026,3.811201633,2.180495725,41.31018086,0,0,1
1/1/2023 20:00,5.091381149,-6.014510208,399.0306858,17.17952482,7.38755417,45.99083474,0,0,29
1/1/2023 21:00,21.38408762,5.114031692,609.6796851,66.0738309,7.642176452,31.00291356,0,0,16
1/1/2023 22:00,23.6115978,-9.938864267,331.9794766,50.39294305,2.14152807,49.79631279,0,0,29
1/1/2023 23:00,24.08039804,9.090387592,251.2227948,97.26846423,8.085801754,86.25926848,0,0,28
1/2/2023 0:00,16.3460432,35.80543674,457.4241563,32.65996918,2.965276356,21.92764148,0,0,13
1/2/2023 1:00,11.03559028,4.093069802,520.7255786,96.01487731,1.208011275,66.16182926,0,0,5
1/2/2023 2:00,5.065116348,19.0209088,735.4882835,73.19025621,6.384049545,51.96546157,0,0,11
1/2/2023 3:00,10.19987236,12.68756864,372.7834681,61.98425803,9.897371479,23.90169762,0,0,18
1/2/2023 4:00,5.133492372,-5.357336571,654.4102984,58.34490948,3.92509832,44.05589662,0,1,23
1/2/2023 5:00,10.93173463,22.47807244,36.07920616,6.863102833,0.061201446,99.10550575,0,0,17
1/2/2023 6:00,16.01492855,0.967726844,808.4611361,33.67158389,1.048629783,68.15357528,0,0,12
1/2/2023 7:00,10.59182591,20.6953155,135.8741554,64.8162955,8.741328519,33.2908798,0,0,21
1/2/2023 8:00,7.008026957,22.95956617,65.99801946,37.57232817,1.525711422,35.39803364,0,1,1
1/2/2023 9:00,4.194836358,39.52834476,363.6117186,59.32058035,1.431378389,77.20337598,0,0,14
1/2/2023 10:00,17.3378932,31.79283772,82.28090491,50.20172148,2.975767076,45.98461628,0,0,6
1/2/2023 11:00,9.099040951,3.620674337,888.0862657,67.82279327,9.428793937,21.98123994,1,0,11
1/2/2023 12:00,19.99296568,-0.039006039,263.7061087,23.54135241,1.167965793,91.24732095,0,0,8
1/2/2023 13:00,13.7919135,36.33565512,125.4330066,71.41997885,8.084305775,56.67278839,0,0,26
1/2/2023 14:00,19.05629972,23.19383074,468.1999173,21.02292127,4.401458622,58.31799496,0,0,25
1/2/2023 15:00,17.50094454,3.783263186,948.4143298,5.115933408,9.121624941,39.96467177,0,0,3
1/2/2023 16:00,24.84842366,-8.612034103,896.7228632,70.77411064,9.843395618,65.91910673,0,1,29
1/2/2023 17:00,14.97093137,-8.948357873,847.550437,13.11160486,6.475640862,63.22125788,0,0,26
1/2/2023 18:00,1.891570317,-6.900968854,373.1889437,39.85427634,2.430931446,30.18088784,0,0,19
1/2/2023 19:00,15.82090192,-1.396082172,784.3697834,74.93537486,3.350140165,90.83395697,0,0,24
1/2/2023 20:00,19.97293878,29.60769852,131.7661527,83.2794646,1.369921623,74.14477475,0,0,5
1/2/2023 21:00,1.725842744,15.22991468,222.7920747,8.314428923,7.892911813,24.34596725,0,0,16
1/2/2023 22:00,16.82138494,27.09135887,868.3621653,93.27232961,7.423192096,97.23036605,0,0,4
1/2/2023 23:00,12.27121013,18.41023601,18.21711916,72.85309956,8.050226322,53.15600213,0,0,2
1/3/2023 0:00,11.47138736,-6.731656225,604.0461115,75.01404746,4.729180103,22.04020027,0,1,3
1/3/2023 1:00,8.16931107,20.55952435,641.2752228,71.95261298,4.402910623,98.82718567,0,0,23
1/3/2023 2:00,8.756991095,36.34581777,631.0092823,34.39845054,9.738494064,99.37806674,0,0,25
1/3/2023 3:00,16.3859002,37.80229514,149.2771141,27.24998293,8.863740451,84.65879025,1,0,21
1/3/2023 4:00,3.2306822,7.94076392,388.0553105,68.65377122,0.545888408,43.34447736,0,0,1
1/3/2023 5:00,11.86427863,-5.144465601,25.95962631,89.98963655,6.337577971,77.97152056,0,0,25
1/3/2023 6:00,14.30084338,5.525461481,8.218637062,96.02909231,7.876434733,93.44629578,1,0,14
1/3/2023 7:00,21.14047805,-6.236804567,494.574179,10.06671695,6.806771902,35.57386135,0,0,27
1/3/2023 8:00,5.547420195,-9.064541508,359.9480677,53.21655162,0.966030647,27.97980893,0,0,9
1/3/2023 9:00,20.63708357,20.79259717,569.021236,0.193808937,3.960568047,63.06079288,0,0,22
1/3/2023 10:00,9.327293536,12.58804285,510.633786,14.94326156,8.315486508,20.51141189,0,0,7
1/3/2023 11:00,24.5969545,29.77031391,54.24292965,29.4504138,9.462765196,58.23329871,0,0,28
1/3/2023 12:00,9.866577063,28.35663798,544.4061855,34.17123117,4.558843547,70.71148045,0,0,29
1/3/2023 13:00,9.331031033,6.55197839,828.6570105,5.283334171,9.805012435,99.28548041,0,0,3
1/3/2023 14:00,6.239740046,28.79875105,80.08027959,6.496168047,6.202713068,84.81897237,0,0,28
1/3/2023 15:00,10.43991385,17.36345312,715.0420198,62.7645688,6.144144097,99.11940128,0,0,22
1/3/2023 16:00,19.68620658,38.53247755,369.8026906,32.55564234,3.635594022,83.64851306,0,1,23
1/3/2023 17:00,24.15883724,1.243748896,501.4118338,81.14186886,3.164107005,63.27592275,0,0,5
1/3/2023 18:00,8.327205185,31.98186862,541.6250081,75.72243462,5.316906971,28.09701527,0,0,25
1/3/2023 19:00,13.1578908,1.147393517,83.34543574,22.7262097,6.093862733,86.46355345,0,0,19
1/3/2023 20:00,15.71552491,21.45854843,249.5723278,74.56893726,5.46145619,65.57254381,0,0,25
1/3/2023 21:00,3.954238773,25.2695936,995.7330612,63.51622925,2.951108666,92.20338671,0,0,15
1/3/2023 22:00,20.30334341,-0.429063383,908.1706188,71.86256475,7.592667668,20.2115302,0,0,22
1/3/2023 23:00,11.44904466,18.47731925,522.1849649,69.7198472,9.192430154,61.67280141,0,0,8
1/4/2023 0:00,18.59623917,14.82881989,92.40678434,33.47055309,9.067033917,64.35030012,0,0,11
1/4/2023 1:00,9.480511998,6.764099041,840.6980819,18.31818658,4.090686305,71.2059445,0,0,20
1/4/2023 2:00,5.526064565,-2.967221815,457.6979646,32.89051088,8.836515075,41.6976243,0,0,5
1/4/2023 3:00,20.49714623,8.955846865,258.9095266,55.41928829,7.737045163,49.84791627,0,0,4
1/4/2023 4:00,8.350595405,19.78193622,68.84909216,63.70420263,9.279433316,84.46031377,0,0,24
1/4/2023 5:00,20.28738111,37.88767777,590.5304903,2.642564903,6.635547343,34.59053208,0,0,21
1/4/2023 6:00,24.65727926,37.54522981,478.0191188,54.46376977,9.71021816,45.37560962,1,0,16
1/4/2023 7:00,23.88128419,24.73937276,657.151206,70.31275637,9.205924484,48.5694328,1,0,16
1/4/2023 8:00,9.323358046,-3.848804741,78.6691466,67.54225851,2.801991399,72.37686248,0,0,26
1/4/2023 9:00,22.2739741,12.4000359,194.8430524,20.72275189,7.894600114,58.75854392,0,0,27
1/4/2023 10:00,19.25382793,9.718386541,848.6016321,31.44031267,5.478596862,60.79709607,0,0,7
1/4/2023 11:00,7.486611206,38.18080656,302.1842177,18.7663324,2.719425646,91.82113204,0,0,12
1/4/2023 12:00,11.90555687,39.7399042,757.0227962,66.47184723,3.878812344,84.22696729,0,0,1
1/4/2023 13:00,2.517367144,3.109932283,757.21637,9.988207567,5.785927707,59.59182532,1,0,7
1/4/2023 14:00,11.00640487,37.31252742,0.399667903,97.31178486,0.808818913,31.31143361,0,0,18
1/4/2023 15:00,16.65115509,3.973873738,560.8361858,57.64154609,3.012397249,88.94985411,0,0,1
1/4/2023 16:00,5.163579922,10.99839239,550.8530464,73.70142497,8.361970982,43.39602394,1,0,1
1/4/2023 17:00,18.21635078,2.872669012,609.9498338,63.64901857,1.495176068,96.23276667,0,0,13
1/4/2023 18:00,8.480679551,34.52168928,414.094461,78.97114105,7.628706909,46.94482819,1,0,28
1/4/2023 19:00,21.02468245,22.45116201,181.0899326,44.09548491,0.297301681,98.9663781,0,0,11
1/4/2023 20:00,20.30188287,15.50923738,262.7364458,31.07555564,3.17171948,97.34794519,0,1,22
1/4/2023 21:00,22.79575076,-9.644862765,664.0536946,91.39683162,2.357628607,64.61026748,0,0,13
1/4/2023 22:00,2.264568318,0.749830879,714.1500994,34.01983014,1.752402076,66.77043833,0,0,3
1/4/2023 23:00,13.91137637,26.35189859,647.2024297,87.49634109,6.883550246,87.22818277,1,0,27
1/5/2023 0:00,9.803512613,-4.537167333,701.2042579,88.90174223,3.114347989,78.31613977,0,0,12
1/5/2023 1:00,1.320975359,34.68595889,284.6835747,99.49401195,7.285612261,61.11252804,0,0,6
1/5/2023 2:00,7.787193663,-4.616015597,405.7594157,5.019435599,6.163387686,72.09815908,0,0,22
1/5/2023 3:00,1.584582688,-9.979052732,494.4203668,7.677048762,7.091161349,47.60829862,0,0,16
1/5/2023 4:00,4.077620598,38.12483034,982.2262829,20.16716618,8.895207315,57.37661371,0,0,6
1/5/2023 5:00,22.19359174,17.95314915,479.1782101,86.76013746,1.084476895,84.14149602,0,0,1
1/5/2023 6:00,19.48816214,32.08959328,761.1023778,30.18795454,1.254435974,90.47642176,0,0,25
1/5/2023 7:00,5.194038819,8.552185751,758.0744959,14.57646782,8.432675095,86.84573294,0,0,6
1/5/2023 8:00,5.279580742,1.204177619,746.7716328,48.43050735,7.936131578,99.96180486,0,0,10
1/5/2023 9:00,1.725604882,34.5851757,937.2300403,53.12260576,0.283116736,47.05335753,0,0,14
1/5/2023 10:00,15.71203574,-3.034432215,6.113006418,59.21938684,1.587913615,71.70204008,0,0,24
1/5/2023 11:00,21.20731809,15.38635088,64.1733774,0.778332186,6.197939145,39.75823487,0,0,18
1/5/2023 12:00,20.63177521,24.41461767,655.2232822,6.438203309,5.945608008,89.98179938,0,0,19
1/5/2023 13:00,21.74016946,5.601306434,83.19671344,59.72529202,5.13231775,75.30518385,0,0,3
1/5/2023 14:00,18.48188876,18.71866967,980.7171079,4.651567736,8.585178341,78.09219327,0,0,29
1/5/2023 15:00,24.81208284,36.43310858,358.4636267,40.09605638,2.38375949,83.31671501,0,0,22
1/5/2023 16:00,11.02282379,34.13540987,755.95682,6.449132838,2.172205087,98.72150288,0,0,26
1/5/2023 17:00,16.93590654,-9.364703591,125.4710014,54.54185184,2.404597917,48.09137912,0,0,28
1/5/2023 18:00,1.723282618,-2.398556523,965.8477212,90.39533941,2.787943898,92.68899828,0,0,18
1/5/2023 19:00,2.351323557,-9.687537909,101.8356916,93.11876778,4.395548744,92.26967881,0,0,16
1/5/2023 20:00,11.49198756,20.12112066,944.4269771,30.83651473,4.970026929,65.94622586,0,0,6
1/5/2023 21:00,1.983131646,20.43344643,944.9320043,41.6501434,0.250991914,73.17932739,0,0,12
1/5/2023 22:00,18.2906117,22.29004662,291.779673,9.315293105,1.995397452,31.48995472,0,0,21
1/5/2023 23:00,22.89890672,38.76994653,44.59811935,29.39571003,2.102848577,63.81526008,0,0,25
1/6/2023 0:00,17.36605501,25.19813735,541.2550306,22.58429714,7.338842918,31.01457747,0,0,23
1/6/2023 1:00,15.62473933,16.93369605,697.2586898,20.29458597,0.712156997,95.5485414,0,0,24
1/6/2023 2:00,23.54064314,-2.161797424,255.3151795,76.92746636,9.359843809,66.86186794,0,0,13
1/6/2023 3:00,2.716595088,17.28009386,306.1272511,65.55531141,0.802204255,86.61123479,0,0,12
1/6/2023 4:00,6.00469988,1.488446884,433.7433051,28.07004933,8.621572188,44.81579836,0,1,15
1/6/2023 5:00,3.680790295,21.83069757,691.291098,8.44621453,6.18147732,44.99821507,0,0,20
1/6/2023 6:00,11.7300766,28.09247794,657.2179047,76.85044268,1.211672294,93.30401715,0,0,4
1/6/2023 7:00,18.157846,-4.403937851,340.9850425,75.36885977,3.910557079,57.52086876,0,0,16
1/6/2023 8:00,22.5213337,21.90660345,523.4782621,0.852187423,8.482708525,84.68781508,0,0,19
1/6/2023 9:00,20.01295776,24.62579019,253.3415522,59.85707144,8.017074087,93.50333782,0,0,14
1/6/2023 10:00,24.85118571,17.1398778,468.8129893,46.23206005,6.791131733,24.25476005,0,0,28
1/6/2023 11:00,21.83865898,20.07817345,355.954647,85.74389012,9.981202081,81.98107319,0,0,8
1/6/2023 12:00,4.250422763,22.78026975,822.4344434,8.083935097,4.106052521,40.25103365,0,0,7
1/6/2023 13:00,11.10490098,-2.881399324,687.1187938,52.73967986,0.32084759,43.48602171,0,0,4
1/6/2023 14:00,5.581651692,34.2522958,532.0905707,51.77651025,1.865475781,58.24707435,0,0,26
1/6/2023 15:00,5.775834124,-4.139106563,865.800498,3.741706573,9.180425901,71.86587326,0,0,25
1/6/2023 16:00,18.32680274,20.39165242,102.7979314,65.5514797,7.212199728,86.56793886,0,0,25
1/6/2023 17:00,24.20651704,1.379843416,567.8143274,19.75841995,4.218056017,59.04746175,0,0,21
1/6/2023 18:00,18.81325795,38.04855013,942.6637072,64.62166613,5.286800434,56.66688525,1,0,7
1/6/2023 19:00,19.28974359,-6.973831061,630.1647471,54.08014339,4.251853843,52.97776002,0,0,2
1/6/2023 20:00,12.05002795,38.76512907,485.2808469,93.28538181,1.790074745,84.6224632,0,0,26
1/6/2023 21:00,21.63383966,11.65078311,619.9712469,5.79380561,3.116389213,47.87663663,0,0,4
1/6/2023 22:00,21.85709801,18.17224061,909.760957,52.9672466,5.568798133,56.26032922,0,0,13
1/6/2023 23:00,9.905194578,23.49843386,216.3267386,64.91109037,6.658233131,60.0559182,0,0,27
1/7/2023 0:00,2.638477675,22.52273404,197.1281815,36.20005752,1.903432951,47.58070686,0,0,20
1/7/2023 1:00,17.05138952,30.70762503,976.6426343,15.33485765,4.842845864,75.03827454,0,0,3
1/7/2023 2:00,18.01585995,26.32612434,355.0535436,41.39806432,8.159397078,32.5978289,0,0,3
1/7/2023 3:00,19.38533227,24.85699731,797.9798698,79.22518537,8.59914856,58.25017279,0,1,20
1/7/2023 4:00,4.402202579,11.77045673,157.9683254,22.63871414,8.594948698,71.40499359,0,0,20
1/7/2023 5:00,22.20553458,2.76842462,804.8747994,37.47004727,4.163302955,97.2165398,0,0,8
1/7/2023 6:00,9.018689125,20.03885003,756.2635773,53.73481441,9.414258758,26.40496762,0,0,3
1/7/2023 7:00,20.32529251,30.23628736,579.7419074,42.27212471,0.56376933,95.50675907,0,0,15
1/7/2023 8:00,17.44216431,24.20961977,925.2514632,93.58225792,3.957246922,75.0731466,0,0,19
1/7/2023 9:00,9.326142555,-5.187688172,478.271271,42.88595534,6.948033846,22.66007768,0,0,1
1/7/2023 10:00,14.76387244,10.06724023,830.4525619,46.1050855,9.543997287,81.33972031,0,0,23
1/7/2023 11:00,3.621275457,14.65925984,906.2260958,4.086562499,3.873628253,58.21310329,0,0,1
1/7/2023 12:00,21.14065205,13.74118109,163.8875387,76.84414883,1.578285902,28.74080264,0,0,7
1/7/2023 13:00,11.97204487,24.0594921,429.6588526,52.3982703,4.696603886,20.02819948,0,0,26
1/7/2023 14:00,14.99303923,18.6955332,218.0622431,53.03067629,5.047868133,24.9779824,0,0,23
1/7/2023 15:00,10.97956795,-8.10257736,991.5770535,68.66132666,3.814065314,41.58531658,0,1,12
1/7/2023 16:00,10.92205906,8.235983866,708.4116256,97.6432828,8.41323513,65.83733009,0,0,4
1/7/2023 17:00,11.3597012,29.14510065,349.8030865,75.83280414,5.938610429,99.56673851,1,0,5
1/7/2023 18:00,12.43141806,26.73501067,77.01582169,16.07744492,9.186684483,69.72423645,0,0,21
1/7/2023 19:00,14.14662966,8.966895248,478.0831637,10.4592102,8.229496991,40.03827469,0,0,5
1/7/2023 20:00,5.747105913,2.002290135,88.87084456,86.994006,2.390180786,74.83718952,0,0,14
1/7/2023 21:00,23.81179409,8.131249,127.2746067,59.81151699,1.432994025,56.63486502,0,0,20
1/7/2023 22:00,18.309927,-4.570416988,508.9688571,20.30291652,3.956439151,25.90008728,0,0,21
1/7/2023 23:00,16.82618014,-5.888665216,814.5977086,23.58813347,3.823336273,22.06908192,0,0,1
1/8/2023 0:00,17.75744931,35.43055766,901.4751595,33.47956011,8.91857789,87.87043351,0,0,7
1/8/2023 1:00,8.870473472,33.90527372,646.7685558,80.0358373,1.233400343,29.20135201,0,0,12
1/8/2023 2:00,6.444559909,22.24779687,974.5458921,21.3959205,5.855310522,74.26540608,0,0,26
1/8/2023 3:00,16.70463045,12.85218414,773.2639307,13.77469446,2.790620986,82.07118319,0,0,28
1/8/2023 4:00,6.339436059,22.51028023,620.1689905,32.56057436,4.400993297,27.37802196,0,0,9
1/8/2023 5:00,24.83210008,39.04096801,347.7548129,42.35764309,5.631450447,60.0826667,0,0,21
1/8/2023 6:00,12.15396516,14.91451091,700.7767116,47.09421854,6.630743597,32.2579109,0,0,22
1/8/2023 7:00,17.17887703,29.63157574,747.9169697,65.12612197,0.284889983,56.80699235,0,0,8
1/8/2023 8:00,15.82683053,15.3102079,310.6597617,23.61338106,6.083278906,74.36074342,0,0,28
1/8/2023 9:00,13.26323358,11.19731732,626.4842266,70.73987067,7.113833066,20.16972748,0,0,17
1/8/2023 10:00,14.80010277,20.11111604,797.9616809,0.702478923,1.789989945,95.74917785,0,0,26
1/8/2023 11:00,12.01892257,18.78272691,742.3709837,54.5331875,0.681552936,98.87132238,0,0,5
1/8/2023 12:00,22.94463879,5.688604804,410.5720577,65.92624625,8.425236428,54.302002,0,0,26
1/8/2023 13:00,6.231415568,-9.348868184,808.3223469,88.08301401,7.415932353,93.85121369,0,0,16
1/8/2023 14:00,24.96019621,15.88873102,203.4035237,88.98618903,8.224236697,73.33332451,0,0,6
1/8/2023 15:00,19.24640888,-3.4679711,157.6689774,24.86150876,5.380727387,46.24035484,0,0,21
1/8/2023 16:00,1.677634862,16.7720238,614.5210385,59.7234722,7.875143285,37.12864398,0,0,23
1/8/2023 17:00,13.08946969,-8.722238543,605.0937021,92.83373631,0.614074089,52.19944307,0,0,2
1/8/2023 18:00,7.042564732,29.16125819,229.0939559,30.69194509,5.141101946,28.41772476,0,0,18
1/8/2023 19:00,18.7482118,39.29186202,61.14343465,19.61758822,5.998444343,73.05003421,1,0,29
1/8/2023 20:00,13.56346448,11.70000699,433.7261118,97.71156727,7.77871068,81.08703014,0,0,23
1/8/2023 21:00,5.665870997,5.415670073,40.24947293,74.27225651,9.843994921,74.5891671,0,0,17
1/8/2023 22:00,23.91081342,5.575970954,638.6853265,46.52816692,5.134551165,47.06078289,0,0,8
1/8/2023 23:00,21.84430454,31.31051181,225.8385685,12.14186932,3.355242869,33.20202524,1,0,8
1/9/2023 0:00,20.1060952,20.1265511,432.6739784,26.26831439,9.433466086,98.14428396,0,0,7
1/9/2023 1:00,8.813068658,-2.335964066,268.0116629,53.64282559,5.47393259,77.48936301,0,0,25
1/9/2023 2:00,10.81115436,32.64386075,78.97786657,58.79461582,4.958976655,97.83226165,0,0,28
1/9/2023 3:00,3.893485962,-1.695016475,260.9983095,46.38086945,5.333557576,67.19927926,0,0,20
1/9/2023 4:00,6.932526023,4.347701142,74.22792757,73.69755848,8.639954853,78.35200731,1,0,19
1/9/2023 5:00,3.770729276,7.371905423,628.5475981,43.15970378,8.019118971,43.39048048,0,0,14
1/9/2023 6:00,22.80790518,33.62976125,413.68183,83.46916611,3.957049697,79.9072364,0,0,21
1/9/2023 7:00,20.49738848,9.810636655,50.35842124,74.18588317,5.297864624,26.47824254,0,0,21
1/9/2023 8:00,17.15467424,24.34743304,482.6151063,88.9594825,9.145944018,97.87389474,0,0,22
1/9/2023 9:00,11.9698195,29.98672905,886.7721243,41.87805053,0.397097484,57.07622966,0,0,7
1/9/2023 10:00,20.21102031,30.31133259,840.4663672,37.48752898,3.044148866,21.37538714,0,0,16
1/9/2023 11:00,3.279733459,35.92433841,933.7191956,5.105029406,1.394821219,99.68918405,0,0,1
1/9/2023 12:00,18.2768743,-7.969747521,480.6319025,43.69542528,0.957655603,29.47095797,0,1,22
1/9/2023 13:00,23.90367908,20.87951964,943.8291745,15.60981815,3.068966745,76.76395127,0,0,20
1/9/2023 14:00,7.986308337,36.87435883,317.6890715,13.84601451,1.658960306,39.35753562,0,0,3
1/9/2023 15:00,19.61985545,31.02925271,84.47402595,74.39383841,8.906503889,45.23834426,0,0,13
1/9/2023 16:00,24.33707666,34.65107689,896.8230185,96.71198097,7.959653599,81.01789738,0,0,25
1/9/2023 17:00,8.551971682,34.95159174,100.1822934,90.54568174,4.963082584,96.3634601,1,0,13
1/9/2023 18:00,13.08939247,-2.086497873,792.4795002,71.30644681,6.696821755,64.11916778,0,0,5
1/9/2023 19:00,24.39679927,-7.660572547,586.430698,8.580786427,8.881016345,95.23487418,0,0,7
1/9/2023 20:00,3.709415712,22.01733133,314.3616795,22.48402893,3.77154891,29.71295387,0,0,4
1/9/2023 21:00,8.772107567,14.12830737,34.08468749,15.50022028,2.948876059,55.20280061,0,0,7
1/9/2023 22:00,21.4671588,10.62142658,273.9565723,0.008317102,9.201171044,31.06463292,1,0,26
1/9/2023 23:00,7.453668735,13.53064264,746.0716162,81.74547143,0.525206801,58.22133832,1,1,10
1/10/2023 0:00,22.48198172,21.56181854,953.5918294,12.92549389,3.389861619,74.92623488,0,0,8
1/10/2023 1:00,18.70723127,34.36373375,178.9511809,95.69933722,8.740450802,96.25571611,0,0,17
1/10/2023 2:00,5.431713188,0.979694009,911.8531371,51.34279641,7.681570746,88.01508057,0,0,19
1/10/2023 3:00,8.412141234,9.242091148,946.3927192,70.18828577,6.282535106,48.93620417,1,0,13
1/10/2023 4:00,17.4083625,-8.138362243,245.693892,26.22785439,4.179107113,22.63141297,1,0,22
1/10/2023 5:00,3.165222843,38.13228521,234.4051513,10.59862355,7.524159157,44.28673593,0,0,25
1/10/2023 6:00,12.98505808,6.862265289,788.6428181,12.56468177,0.625670298,38.64540093,0,0,7
1/10/2023 7:00,17.55206772,21.65838659,697.2960802,64.97903965,1.327958329,91.90250539,0,0,1
1/10/2023 8:00,11.15940522,5.862139827,744.074659,31.25823877,6.317519045,34.20585328,0,0,11
1/10/2023 9:00,23.38141296,12.90093507,519.6445805,38.80975179,2.358418917,27.35192463,0,0,13
1/10/2023 10:00,3.850040694,6.753948986,136.5753142,40.24419528,2.479280561,66.1388638,0,1,11
1/10/2023 11:00,5.38266883,21.94317689,630.002456,9.793947514,2.517013324,93.86010678,0,0,13
1/10/2023 12:00,12.32159288,11.80730978,841.5106734,1.871363794,5.809012793,38.42372745,0,0,21
1/10/2023 13:00,7.48188422,36.43153209,69.85771992,72.32023075,7.908275405,26.59451583,0,0,21
1/10/2023 14:00,24.62186696,7.618125734,580.8444468,71.73427589,6.560404301,43.45896026,0,0,20
1/10/2023 15:00,10.0818469,24.19422754,366.8981355,27.64022658,2.671140222,71.94767152,0,0,11
1/10/2023 16:00,11.21464182,22.31143833,372.8110516,9.850734293,2.891720994,24.02028899,0,0,9
1/10/2023 17:00,5.004910266,25.02227868,82.26342034,77.64435566,6.993118407,57.44434613,0,1,9
1/10/2023 18:00,8.270954263,6.879085114,337.1913289,7.841534647,5.019540358,42.83194751,0,0,19
1/10/2023 19:00,10.80007201,4.969441135,657.5903198,26.08646603,3.522939657,72.16860591,0,0,26
1/10/2023 20:00,3.210573842,18.96014325,392.4684396,53.47868429,5.46713439,45.26399186,1,0,10
1/10/2023 21:00,11.65163579,5.718291039,716.4363061,53.52443176,2.169270685,35.88857894,0,0,20
1/10/2023 22:00,22.72780117,37.38246494,162.704598,9.519084262,5.29940635,51.62228662,0,0,2
1/10/2023 23:00,7.46954404,31.3752786,690.960917,23.23800496,1.765150204,40.1821178,0,0,24
1/11/2023 0:00,11.47783311,-6.98426053,271.5516615,46.076824,1.320038368,66.44436223,0,0,12
1/11/2023 1:00,19.19126998,31.8311927,791.0546606,11.1622311,8.815757891,99.77217198,0,0,4
1/11/2023 2:00,15.08115767,9.466891794,185.9072894,17.93596278,5.356880297,32.54404268,0,0,18
1/11/2023 3:00,11.62561746,30.47038143,663.4547822,59.70121997,9.247793961,50.9546715,0,0,15
1/11/2023 4:00,20.38296659,-6.71047474,307.9705635,54.33172959,4.023679838,30.09521279,0,0,25
1/11/2023 5:00,18.41451643,4.353197014,390.8283782,12.86435842,3.095233418,91.45950787,0,0,9
1/11/2023 6:00,15.52415121,36.11279903,374.8985294,97.89382082,2.830874486,20.17149378,0,0,23
1/11/2023 7:00,5.842228082,7.975236719,628.557136,41.97889694,0.198041754,78.34566695,0,0,16
1/11/2023 8:00,21.83838979,21.66408587,74.32031642,45.27219711,1.613547636,46.74013427,0,0,9
1/11/2023 9:00,3.336718697,5.24962282,447.4562723,67.45513029,8.149948701,80.15781906,0,0,29
1/11/2023 10:00,16.36216202,22.53062064,616.5339406,94.9646024,2.334833734,80.14400919,0,0,14
1/11/2023 11:00,13.50507004,31.71272057,590.7565647,98.01003352,6.441529667,35.4035699,0,0,29
1/11/2023 12:00,20.94691607,28.96059187,5.755876466,1.931027036,1.415407685,99.70242618,0,0,27
1/11/2023 13:00,10.70987071,-1.128894706,765.9755907,79.08103824,1.257595452,78.09850191,0,0,11
1/11/2023 14:00,2.664512216,38.57450731,648.374598,90.18167139,9.229934864,20.07964396,0,0,26
1/11/2023 15:00,3.937897953,27.70630633,796.6755824,18.49114063,2.35200433,56.77374312,0,0,27
1/11/2023 16:00,18.75306817,-5.136454763,484.9652523,16.48211736,1.838064944,83.52508373,0,0,19
1/11/2023 17:00,24.64831169,15.04865927,726.7405499,31.90609299,3.3994215,96.06700034,0,0,16
1/11/2023 18:00,9.269522597,-1.388960829,919.625789,89.95702771,5.670016062,60.93156056,0,0,1
1/11/2023 19:00,21.33060369,7.041138013,478.6615945,71.65503852,4.10962187,99.4178233,0,0,28
1/11/2023 20:00,14.62764996,39.46037197,667.0058747,49.71460724,6.078381861,60.65450363,0,0,1
1/11/2023 21:00,23.22077058,38.59578602,238.2521375,57.59700676,7.780318447,35.8006577,0,0,11
1/11/2023 22:00,7.623036795,18.05464825,549.1455158,52.16843731,5.659045053,59.91647027,0,0,28
1/11/2023 23:00,4.87721769,32.82367048,396.0627261,91.27514222,0.519465668,27.80264254,0,1,21
1/12/2023 0:00,13.67446977,18.26494017,937.5131532,53.5919622,1.645490732,68.95331463,0,0,13
1/12/2023 1:00,3.941319512,1.639656033,315.1737745,40.89689585,2.365482285,26.21580209,0,0,5
1/12/2023 2:00,22.05572394,26.31399799,877.2725695,35.02196777,9.886477769,35.538589,0,0,28
1/12/2023 3:00,22.09861172,36.98504424,333.4649635,65.52610524,2.120805077,95.40695113,0,0,20
1/12/2023 4:00,12.10082255,24.33138339,515.7729817,67.35967859,9.851149581,52.11848959,1,0,10
1/12/2023 5:00,23.32405151,-1.767212174,873.9451792,35.54325981,5.145646188,98.4003624,0,0,17
1/12/2023 6:00,12.05787893,27.50976781,730.8517089,6.398842937,8.394695939,31.39821206,0,0,26
1/12/2023 7:00,4.119956276,12.4594367,536.8609278,56.90805066,3.717860601,92.01959285,0,0,8
1/12/2023 8:00,24.53666877,26.27178616,626.6240144,53.831302,4.531970214,27.6655027,0,0,12
1/12/2023 9:00,17.1954547,28.59217605,647.2281139,85.87259327,1.525994202,32.31099343,0,0,25
1/12/2023 10:00,24.30640926,12.3064164,357.8074057,23.48450329,4.58868037,38.17243075,0,0,4
1/12/2023 11:00,6.661056331,29.99571334,798.3451475,2.78950684,6.609092715,32.54290014,0,0,27
1/12/2023 12:00,23.09188844,36.21661884,573.0668244,32.15450058,2.163326505,64.70073272,1,0,20
1/12/2023 13:00,8.108047582,38.09072774,319.8490861,99.59883381,5.380485647,57.87986584,0,0,20
1/12/2023 14:00,18.3006804,11.43745903,745.0615391,14.69684668,1.120403065,44.82499998,1,0,28
1/12/2023 15:00,2.244078891,35.68038512,876.0480129,48.63135149,6.563225957,26.6256224,0,0,16
1/12/2023 16:00,12.40769537,25.15972868,389.8741192,74.36354791,6.268554458,56.32632302,0,0,11
1/12/2023 17:00,12.88681371,-4.047031945,916.3226642,67.48271838,9.24890706,66.3238411,0,0,28
1/12/2023 18:00,5.02630244,5.94046653,662.9406031,10.18949225,3.920301599,47.01269945,0,0,15
1/12/2023 19:00,11.11547772,27.00559061,146.7333152,32.09380163,8.225452203,40.84427466,0,0,21
1/12/2023 20:00,7.899413276,10.54523781,959.7075693,53.98569143,4.839529122,44.58850041,0,0,27
1/12/2023 21:00,8.75628316,8.537038477,979.3924265,8.900714378,7.518225562,93.50391096,0,0,26
1/12/2023 22:00,3.61161097,5.492616877,847.9570463,53.67466734,1.74469891,81.44152273,1,0,11
1/12/2023 23:00,20.34892849,8.870147512,128.6077344,65.08289669,8.136752502,25.95195148,0,0,23
1/13/2023 0:00,14.34112789,-2.839515883,1.83147803,83.36854101,9.267565207,43.9933847,0,0,26
1/13/2023 1:00,22.96231438,22.49953339,902.1149174,74.93515931,5.542334557,99.99007422,0,0,21
1/13/2023 2:00,14.17083776,24.08449677,359.4228075,86.23070655,1.809345619,22.68676377,0,0,16
1/13/2023 3:00,2.984368918,25.39597633,664.8639327,93.88880614,8.085186324,78.23077439,1,0,29
1/13/2023 4:00,14.40967647,15.7474676,815.7333344,99.03044202,5.931821608,59.30433913,0,0,1
1/13/2023 5:00,24.62041642,14.29505839,15.62673929,94.42756172,9.379719631,69.23590493,0,0,5
1/13/2023 6:00,21.63898153,20.75043302,880.2498897,61.02091381,6.950803916,86.28404295,0,1,16
1/13/2023 7:00,22.07798057,30.19278572,986.3324365,1.293915213,7.043619016,64.3424011,0,1,29
1/13/2023 8:00,12.87155783,23.84239391,207.0790207,48.81853683,4.907835374,67.04505876,1,0,7
1/13/2023 9:00,22.76670184,23.13076278,88.66482602,44.12980595,8.626195297,46.14908427,0,0,11
1/13/2023 10:00,3.736925629,0.246959315,446.0826329,77.07153027,7.416997231,77.33065549,0,0,11
1/13/2023 11:00,2.583517851,26.62244923,705.2013696,3.257674045,7.123888222,71.76455074,0,0,18
1/13/2023 12:00,11.90322182,25.14129485,298.2496339,47.10057429,7.942121112,81.22496169,0,1,27
1/13/2023 13:00,4.105220756,13.48501566,831.7381962,98.68019395,4.181875756,63.46712117,0,0,14
1/13/2023 14:00,9.242209948,38.59962308,967.7687248,96.74556496,2.48868893,59.52177439,0,0,3
1/13/2023 15:00,7.68518313,-8.463845973,611.1799315,72.87856811,9.176737976,78.39110871,0,0,15
1/13/2023 16:00,18.74097951,5.14388435,792.216895,34.14226814,2.900159873,59.41257696,0,0,3
1/13/2023 17:00,21.47499884,36.83077585,151.1639827,27.14945837,4.138240588,83.03802629,0,0,22
1/13/2023 18:00,17.86833969,7.32015192,879.996401,11.61047942,4.251824848,36.44642629,0,0,29
1/13/2023 19:00,20.71015385,24.57551808,679.4883376,20.74361883,2.265882461,26.43399603,0,1,1
1/13/2023 20:00,17.7839025,5.577234501,706.4710327,12.73087907,3.086550396,99.39491291,0,0,23
1/13/2023 21:00,15.74497795,30.3102554,232.4819082,8.983842235,3.948112097,94.97018893,0,0,18
1/13/2023 22:00,3.099991201,38.46021748,690.1196383,43.70257512,0.34122705,60.40746824,0,0,2
1/13/2023 23:00,7.117867265,-6.980537344,565.7730911,48.25109495,7.326204543,72.80007321,0,0,3
1/14/2023 0:00,23.51311532,13.28143579,299.8187865,30.0139648,3.173976454,47.06727828,0,0,18
1/14/2023 1:00,21.47153717,32.97942782,79.00515822,89.60617533,8.205812407,31.40309649,1,0,16
1/14/2023 2:00,11.56878393,-6.256541575,909.05565,13.38206436,5.415361644,42.97607637,0,0,23
1/14/2023 3:00,13.15008652,-5.814195007,464.8328556,50.45628006,7.85904147,47.16717329,0,0,5
1/14/2023 4:00,21.75376976,2.734020443,913.7452983,37.33998641,8.926405967,88.27740638,0,0,21
1/14/2023 5:00,3.601645942,12.07196109,192.615951,71.40030162,4.618062268,63.38454536,0,0,7
1/14/2023 6:00,4.127504132,37.9992026,187.1389813,28.6783465,9.124739169,50.3943612,0,0,22
1/14/2023 7:00,15.57180967,22.49574353,39.22561864,29.89734542,8.179616342,40.84436173,0,0,24
1/14/2023 8:00,21.01182931,33.54244532,648.0193692,75.57301999,3.315263287,70.62415434,0,0,14
1/14/2023 9:00,12.13639044,31.07104926,387.3070095,88.56129752,1.162237978,51.78260565,0,0,5
1/14/2023 10:00,9.384543014,30.14423073,801.3378847,60.69484398,6.244317611,64.55039951,0,0,23
1/14/2023 11:00,19.36961306,1.266218526,512.8990636,59.00256457,0.251679078,20.20582827,0,0,4
1/14/2023 12:00,10.94754452,29.36979254,297.7076604,15.72130958,7.577981846,45.30744442,0,0,27
1/14/2023 13:00,13.22686251,-7.864443482,290.5029274,83.51263809,9.803083749,36.05204888,0,0,12
1/14/2023 14:00,20.97102309,36.89006716,895.9663986,34.75694892,3.782007232,46.45199003,0,0,13
1/14/2023 15:00,12.88252535,30.1791912,360.4294578,68.48265758,1.346579622,24.62525036,0,0,10
1/14/2023 16:00,10.83533703,30.41540355,172.1847641,15.27283247,7.247152955,78.13899123,0,0,26
1/14/2023 17:00,6.630903426,34.47211161,458.5494357,77.01993086,2.231418213,38.60689698,0,0,18
1/14/2023 18:00,15.51684854,-3.762447553,918.2103707,57.9668353,1.911272483,81.66080742,0,0,8
1/14/2023 19:00,13.85743709,13.72215524,500.2619677,76.29641484,2.297646266,24.23510357,1,0,23
1/14/2023 20:00,19.78805375,16.42157096,977.1609998,45.63162568,5.431370153,71.62108104,0,0,26
1/14/2023 21:00,6.637518325,25.19865027,652.2202849,85.45548087,8.140293015,64.42657994,0,0,17
1/14/2023 22:00,3.608529528,30.42870108,369.4914886,32.8540597,2.43192397,42.46715514,0,0,16
1/14/2023 23:00,11.84807863,23.02903577,203.5139587,40.9232146,7.206148304,98.86716634,0,0,18
1/15/2023 0:00,2.931521422,16.52724756,126.3718093,4.581023444,5.95288819,73.73067051,0,0,13
1/15/2023 1:00,19.17703332,38.36844151,492.5855661,61.29160412,6.644232705,33.78534414,0,0,5
1/15/2023 2:00,19.32551825,25.79859922,694.25593,37.42830451,3.298485385,77.07127577,0,0,16
1/15/2023 3:00,23.05686732,16.51895847,884.9998655,83.89565001,1.833116861,77.68488191,0,0,6
1/15/2023 4:00,4.896391322,-5.844862788,81.28319037,60.25366727,0.951123567,86.35583186,0,0,1
1/15/2023 5:00,10.98284092,13.28769816,272.5592437,19.34371381,5.43745861,79.51015615,0,0,23
1/15/2023 6:00,9.433789047,34.84502869,427.5636557,52.80983086,8.585948179,49.72532155,0,0,23
1/15/2023 7:00,8.828754092,-5.944551234,409.6281315,38.48656469,9.593303654,49.01874079,0,0,4
1/15/2023 8:00,4.065289855,8.38414772,113.2976778,35.43883861,3.609983861,31.42813495,0,0,28
1/15/2023 9:00,19.38248567,34.10278102,625.2308598,57.03543218,3.731851987,39.64984738,0,0,27
1/15/2023 10:00,20.24631708,38.84917116,696.5051481,93.79884505,3.866615297,74.47265331,0,0,24
1/15/2023 11:00,16.21753157,13.15757739,364.3425281,9.825885262,6.160197649,77.68305187,0,0,11
1/15/2023 12:00,6.076453361,14.9138337,21.63103629,2.179822622,8.711925581,22.24698594,0,0,13
1/15/2023 13:00,5.615625693,9.112023215,804.2491567,54.04164862,2.40751321,85.8000116,0,0,2
1/15/2023 14:00,6.721489863,-1.590226039,205.2719141,18.373482,7.578159086,35.363139,0,0,8
1/15/2023 15:00,7.109988901,39.23816173,267.263913,50.45404215,2.098622927,88.78442098,0,0,26
1/15/2023 16:00,1.671058238,14.27208447,6.562611813,22.02270737,8.915850878,26.96369665,0,0,6
1/15/2023 17:00,21.55290558,-6.270212605,481.9065441,6.583208898,0.579153924,52.82467727,0,0,20
1/15/2023 18:00,13.2305727,3.277925292,830.9153764,18.11388982,6.739644782,33.7441225,0,0,6
1/15/2023 19:00,13.12723923,-0.460481313,999.7594918,38.45411348,6.395770144,57.27935186,0,0,20
1/15/2023 20:00,22.88226846,28.47103592,948.0637798,45.75604628,2.52593416,63.05107369,0,0,4
1/15/2023 21:00,18.6088399,4.213968916,202.7557988,52.16079834,8.131322117,60.43033952,0,0,8
1/15/2023 22:00,2.601199881,18.62778244,694.4624356,18.831486,2.581017326,57.60865053,0,1,17
1/15/2023 23:00,9.216314549,13.01798445,927.3769789,82.33269584,1.950972266,36.53342754,0,0,14
1/16/2023 0:00,8.102527475,39.56489836,90.48302655,34.51323509,7.855467522,49.97586026,0,0,26
1/16/2023 1:00,7.830948656,28.4546616,842.4182921,58.98948947,5.666361287,26.59489083,0,0,16
1/16/2023 2:00,3.982817646,6.973218723,98.17602039,31.67089058,9.751076637,50.07777486,1,0,10
1/16/2023 3:00,21.31349177,-3.418245111,403.4094821,57.65366837,6.842529151,28.20946241,0,0,14
1/16/2023 4:00,19.79175205,4.153386049,245.8888665,16.13322018,2.431917947,72.42553168,0,0,17
1/16/2023 5:00,13.00649269,12.6358544,578.2311938,31.84015939,9.590830511,25.44071644,0,0,16
1/16/2023 6:00,14.37405865,20.35000827,84.76200015,56.10594942,5.117817033,21.54828395,0,0,17
1/16/2023 7:00,12.25362551,-1.894353847,420.2633937,27.29892523,6.147977545,68.5241481,0,0,24
1/16/2023 8:00,9.219912587,37.98340214,200.1573492,88.68843872,0.868872573,59.11761381,0,0,17
1/16/2023 9:00,10.72267267,2.108113031,978.7224843,96.96483294,8.615286985,87.88677158,0,0,8
1/16/2023 10:00,23.52686426,6.314236863,257.9643878,8.165860776,2.665236093,83.09896381,0,0,6
1/16/2023 11:00,18.2809364,18.30499237,843.3993412,11.557378,5.82010577,32.88052441,0,0,19
1/16/2023 12:00,4.480964839,-1.212596959,311.6724908,26.69807408,4.065813652,86.7124348,0,0,3
1/16/2023 13:00,19.15254402,9.115010887,755.5031065,34.14269362,4.782633257,84.54325232,0,0,6
1/16/2023 14:00,20.90609363,39.70662653,713.4459784,51.77792795,0.062805302,27.39475217,1,0,7
1/16/2023 15:00,20.32474166,2.222217552,582.4121795,82.96601503,5.617229569,45.33217055,0,0,16
1/16/2023 16:00,15.75886245,9.686099921,585.7025303,45.45566898,8.297778709,74.8668872,0,0,17
1/16/2023 17:00,20.42142349,24.74660096,24.54050969,19.83047607,5.089440479,28.16485892,1,0,23
1/16/2023 18:00,22.21021082,27.56609495,174.56182,62.74530972,5.090722922,50.03499695,0,0,8
1/16/2023 19:00,9.655529209,25.74139387,202.7824645,30.36118651,6.060246596,98.26511312,0,0,25
1/16/2023 20:00,1.525247196,10.19663229,785.4411641,25.58261001,2.425085719,93.98394615,0,0,27
1/16/2023 21:00,15.6347,29.81359034,329.466739,79.01378389,8.81486044,66.87272211,1,0,23
1/16/2023 22:00,14.68832479,16.90212011,989.1581956,19.14483523,3.694529191,22.19201946,0,0,21
1/16/2023 23:00,5.037046337,9.779172763,142.334666,45.67577641,9.563378957,68.97830099,0,0,24
1/17/2023 0:00,4.59522405,-1.501427199,187.333797,99.00929139,8.883897493,54.19676585,1,0,8
1/17/2023 1:00,18.09353366,11.31779076,957.8743183,24.74707492,4.725896957,34.84969214,0,0,26
1/17/2023 2:00,15.85171479,32.69587156,552.8187322,5.219621504,9.409696095,80.60737111,0,0,23
1/17/2023 3:00,2.491707563,-7.163532013,997.9505939,21.92273213,3.230298154,94.03023341,0,0,11
1/17/2023 4:00,10.39411453,17.90986522,666.0112443,65.07552049,2.774431611,43.95529227,0,0,1
1/17/2023 5:00,6.439526675,18.28871969,763.7417164,33.66491741,1.610691887,35.09432973,0,0,5
1/17/2023 6:00,19.40176384,34.37628328,868.4112245,6.19979531,3.01694069,89.21468462,0,0,27
1/17/2023 7:00,9.706306642,32.45662895,834.9715922,73.84886573,2.851437359,54.4552175,0,0,5
1/17/2023 8:00,6.639865118,31.07370436,543.366033,63.22269105,3.472658766,80.7601582,0,0,18
1/17/2023 9:00,3.658860802,27.42601408,699.1222932,35.56605229,6.585154751,93.66900776,0,0,11
1/17/2023 10:00,23.47933517,15.49772174,429.9557085,41.89003629,3.123607021,64.11560649,0,1,11
1/17/2023 11:00,8.414121276,24.7596373,422.8256441,84.08412478,3.860650548,42.01702314,0,0,16
1/17/2023 12:00,14.49145137,16.70105092,781.365252,53.28440603,2.604866995,22.16798097,0,0,27
1/17/2023 13:00,23.68230047,-1.573456984,876.5434356,71.24819675,1.998994817,97.42971726,0,0,7
1/17/2023 14:00,16.49672551,30.9870302,938.3437498,38.66506759,7.643443405,84.66167647,0,0,2
1/17/2023 15:00,17.68777434,37.24635362,457.7596217,84.5506795,9.91362571,33.81038314,0,0,16
1/17/2023 16:00,8.814110063,-3.353246841,189.5757371,47.84153005,7.577620209,48.9981891,0,0,20
1/17/2023 17:00,23.53079023,24.66324237,485.1746231,1.920910138,3.911334026,49.5399799,0,0,8
1/17/2023 18:00,23.6443941,14.37035015,579.1270783,49.212174,8.921195008,21.77947402,0,0,20
1/17/2023 19:00,12.13794493,19.51794654,470.2015689,84.06909933,5.244120364,26.3822628,0,0,13
1/17/2023 20:00,24.67051358,11.5070732,345.997561,60.96851883,4.728695399,60.34327494,0,0,10
1/17/2023 21:00,24.13648648,10.36424483,658.2832536,56.45337484,9.252317069,97.40993248,0,0,17
1/17/2023 22:00,20.91723518,25.21849771,860.0689719,66.21254068,1.244299838,63.49850003,0,0,4
1/17/2023 23:00,21.95804779,-9.54118761,328.9239464,16.98379695,6.726724952,39.56945908,1,1,12
1/18/2023 0:00,24.92997431,36.17308839,776.5439473,4.712440971,9.239829168,35.73494941,0,0,29
1/18/2023 1:00,22.51853725,-8.62022309,844.0185084,73.69442303,1.084414502,40.90324496,0,0,9
1/18/2023 2:00,11.7407265,21.06874772,640.1793648,32.85564634,2.316283788,41.66454711,1,0,3
1/18/2023 3:00,23.19750236,19.47039939,331.8482644,57.8778952,1.336411518,64.72084264,0,0,8
1/18/2023 4:00,11.70398276,23.92092299,476.3885844,58.02204771,5.601797202,29.51606814,0,0,3
1/18/2023 5:00,16.19963466,11.60160241,823.0448181,16.97959792,2.929642028,26.45921527,0,1,7
1/18/2023 6:00,9.181524703,1.82673347,454.8518495,98.40288752,3.29993247,55.13349211,0,0,16
1/18/2023 7:00,11.98818791,10.03223663,246.2896845,79.04887852,8.389372199,59.09961801,1,0,15
1/18/2023 8:00,16.52041874,7.349193227,522.9808372,89.79314998,5.474950844,55.77338496,0,0,5
1/18/2023 9:00,2.963455489,35.5447221,302.3033972,78.70769696,2.423158828,61.35429145,0,0,20
1/18/2023 10:00,24.64670757,-8.918768063,898.1599293,15.6773482,6.802231351,65.63157844,0,0,19
1/18/2023 11:00,13.36579101,3.242869083,708.973163,9.396686241,4.477385415,34.08548883,0,0,11
1/18/2023 12:00,23.25090979,31.29856158,929.5903974,50.56665631,5.169690251,34.22233829,0,0,12
1/18/2023 13:00,17.85071214,12.85624587,562.6414432,66.63347781,3.320249828,30.89421821,0,0,28
1/18/2023 14:00,4.657991117,30.58551417,625.8911602,85.02271546,6.364764628,54.66321522,0,0,24
1/18/2023 15:00,21.79392536,24.02814247,582.2858207,88.00467717,9.374769112,20.25454698,1,0,29
1/18/2023 16:00,5.228045068,10.42642671,279.5327646,5.651751254,0.468957715,20.96316211,0,0,22
1/18/2023 17:00,23.6287853,3.873419836,828.5694272,3.292711586,9.130573156,81.44299596,0,0,4
1/18/2023 18:00,1.529502403,1.729659494,458.9427935,44.82966163,2.12540727,56.40019125,0,0,28
1/18/2023 19:00,2.51839004,37.48655764,197.2769745,68.14038955,1.666006352,55.09058288,0,1,16
1/18/2023 20:00,15.30833033,2.054076386,383.3836361,53.33911805,3.482256354,97.46068103,0,0,13
1/18/2023 21:00,22.14512048,17.79957731,831.2415086,70.1418217,4.217478729,88.99428203,0,0,17
1/18/2023 22:00,23.5197002,-6.329124704,977.9587936,14.18108117,1.078952315,35.99945857,0,0,22
1/18/2023 23:00,13.73177529,-5.204918919,857.8448488,18.64944125,6.537644245,77.64834564,0,0,5
1/19/2023 0:00,6.602634263,39.50855808,989.0954806,49.65797803,8.481854357,65.67772891,0,0,6
1/19/2023 1:00,19.55719752,2.701504475,168.3086545,26.7852316,8.926922001,24.9162205,0,0,28
1/19/2023 2:00,5.507716398,16.68385707,975.4228475,92.79832205,2.115213279,76.68200774,0,0,6
1/19/2023 3:00,1.02132663,-9.627734258,617.5449878,52.83568171,1.141479907,54.69304932,0,0,13
1/19/2023 4:00,20.50957763,11.21088716,778.3779681,68.92877506,9.960663966,98.33927795,0,0,3
1/19/2023 5:00,5.531830115,19.03559801,844.1146863,32.61444396,5.611754751,69.40862901,0,0,20
1/19/2023 6:00,13.78925184,8.684990273,394.9566973,17.15272455,3.868246274,78.27896564,0,0,27
1/19/2023 7:00,21.52549699,-0.956524505,14.84725864,80.45336271,3.522137102,42.90980752,0,0,16
1/19/2023 8:00,16.10714563,19.04201888,635.4017832,75.09187607,5.837567776,22.03342731,0,0,7
1/19/2023 9:00,15.38338762,28.71656123,534.5153549,5.197382276,2.653879339,50.27282852,1,0,8
1/19/2023 10:00,15.24811616,13.52738297,769.6477609,22.19140199,5.052124574,21.02514412,1,0,19
1/19/2023 11:00,6.712541928,35.48220042,206.6963047,45.7806095,4.882626622,29.19419218,0,0,11
1/19/2023 12:00,23.07020297,39.00166188,514.8349682,48.59063116,4.382343733,93.47948121,0,0,4
1/19/2023 13:00,16.4801169,7.573968998,313.6092274,80.10895041,1.816611761,38.65245954,0,0,14
1/19/2023 14:00,21.70231162,8.787935786,586.2388196,47.51057989,7.427397371,69.45887049,0,0,6
1/19/2023 15:00,3.958496649,39.09899477,742.1344272,23.49533411,8.287601029,60.99178151,0,0,3
1/19/2023 16:00,18.3860024,28.35970847,838.0411879,57.94805039,5.075151331,69.82297299,0,0,18
1/19/2023 17:00,4.791071733,37.87047824,203.6258355,44.13156516,9.111584195,25.65869701,0,0,19
1/19/2023 18:00,13.29319688,8.151190689,527.6102843,41.95295628,8.413050331,42.59998693,0,0,29
1/19/2023 19:00,21.16057985,6.741799687,463.4119754,61.66622117,1.240242794,32.91877235,0,0,27
1/19/2023 20:00,7.258052206,39.8263822,448.0241482,95.37681798,4.94957397,72.30826313,0,0,8
1/19/2023 21:00,12.31351087,25.0570086,982.4572149,40.48345929,6.12045646,80.14029961,0,0,19
1/19/2023 22:00,8.021409446,26.61876877,132.7013742,84.7247482,4.228215237,43.31002651,1,0,18
1/19/2023 23:00,9.779480419,16.78180297,638.3607996,30.98644089,0.259565673,28.01452932,0,0,1
1/20/2023 0:00,8.968145853,31.91328603,72.57428834,2.894301372,2.99535782,34.86667424,0,0,25
1/20/2023 1:00,22.2717828,1.983534174,570.2112567,27.48103669,0.384721877,84.79327853,0,1,13
1/20/2023 2:00,1.34088988,20.2603633,20.49673194,29.47230436,7.566863871,51.85226832,0,0,12
1/20/2023 3:00,23.21760045,31.27269689,209.1606624,39.17943596,8.569902634,58.03587394,0,0,29
1/20/2023 4:00,18.63373785,38.62835485,442.7846808,32.75453473,3.953181983,37.71191367,0,0,3
1/20/2023 5:00,8.720157929,39.89690275,724.6863847,52.27410014,5.302812057,72.93141352,0,0,26
1/20/2023 6:00,4.522678609,29.47083458,685.1485315,49.54569008,1.927338888,97.32470287,0,0,15
1/20/2023 7:00,13.40895188,27.05476953,530.0107215,19.26072008,8.193346547,51.34260563,0,0,6
1/20/2023 8:00,12.54319051,1.897372664,13.95967479,95.19526033,3.988746236,70.45369447,0,0,5
1/20/2023 9:00,3.421424717,4.028894642,805.3763678,2.277779345,6.014588313,82.14495219,1,0,26
1/20/2023 10:00,3.477076927,2.021914783,203.4625479,16.08860813,6.447154923,75.97503009,0,0,27
1/20/2023 11:00,19.89091255,30.75669675,785.6066304,19.01731341,5.989774263,88.71212612,0,0,2
1/20/2023 12:00,10.91517457,12.79587163,827.4651327,97.89037589,9.395981474,38.34967952,0,0,16
1/20/2023 13:00,16.3096884,31.48687616,748.2546005,40.93900974,4.052829359,35.63098246,0,0,22
1/20/2023 14:00,18.42609519,37.00098757,493.968547,91.74173061,8.327921013,51.36447005,0,0,2
1/20/2023 15:00,9.078473192,30.12939509,342.4211787,49.8367607,7.653456022,28.42732573,1,0,24
1/20/2023 16:00,21.13804143,31.133552,113.8335485,34.12580802,9.982798567,69.41336214,0,0,24
1/20/2023 17:00,23.61935562,11.34622116,876.647554,89.20557942,2.370360353,28.84670593,0,0,29
1/20/2023 18:00,1.751407871,23.7142004,548.7738547,9.976768989,1.050403739,76.9498329,0,0,11
1/20/2023 19:00,4.788879058,20.11993208,212.3612414,72.02099518,4.636127196,63.2348279,0,0,27
1/20/2023 20:00,13.67243825,-6.820629973,429.9746173,32.10727558,3.107307492,44.232369,0,1,18
1/20/2023 21:00,8.029750435,-5.908834305,916.1959824,11.81380876,4.95937247,21.40223668,0,0,17
1/20/2023 22:00,17.8085961,12.46761616,462.3648215,22.82810338,7.313164165,70.73392451,0,0,7
1/20/2023 23:00,18.5724878,24.25839334,651.708034,11.11844239,5.50237043,84.32170703,0,0,1
1/21/2023 0:00,20.94881844,0.912260463,453.2968765,58.13628668,4.545018772,86.97278169,0,0,23
1/21/2023 1:00,1.411699202,-0.51740922,97.23821143,79.98206139,9.643271033,42.78628674,1,0,23
1/21/2023 2:00,5.753401883,12.21340962,336.3106742,37.03441657,7.625553752,63.00522962,0,0,10
1/21/2023 3:00,6.367363362,-7.945715496,690.2373982,15.5517518,3.623451767,70.42749991,0,0,29
1/21/2023 4:00,10.47889493,29.49276734,450.4170652,15.64856616,0.739839375,62.77912038,0,0,7
1/21/2023 5:00,6.582517705,17.38481151,652.2061109,50.86234987,4.190628047,37.4169497,0,0,7
1/21/2023 6:00,18.03417111,23.50385337,99.33310228,87.94615139,7.837455762,30.67950196,0,0,22
1/21/2023 7:00,22.22786477,30.44465882,812.4487198,21.82326801,2.966692108,85.10071835,1,0,14
1/21/2023 8:00,5.447877902,-8.739361318,720.5448939,15.20366069,3.510786819,65.73788413,0,0,22
1/21/2023 9:00,11.60839603,23.78924214,887.8989839,10.28811449,9.372883719,61.24729301,0,0,3
1/21/2023 10:00,8.534492135,8.335938328,68.20991953,15.96414642,3.069101636,43.82050463,0,0,11
1/21/2023 11:00,16.85772648,37.61036213,332.5015065,66.87493779,7.017221846,97.89097294,0,0,24
1/21/2023 12:00,15.0176377,19.24472693,334.7458385,75.14332953,8.343611859,47.61798467,0,0,11
1/21/2023 13:00,6.494862302,-2.323203478,535.8668844,56.58155219,8.664555209,84.25965953,0,0,27
1/21/2023 14:00,16.33225927,34.98349528,475.1663787,20.80265208,6.444330084,93.81518731,0,0,10
1/21/2023 15:00,12.39269274,0.451708106,977.477527,81.44159674,6.60063887,52.04257073,0,0,22
1/21/2023 16:00,19.48680849,-0.658189653,89.86478338,40.17192791,3.978463708,54.05702453,0,0,10
1/21/2023 17:00,9.641972083,25.376762,974.6913753,70.0115444,5.907903593,27.28211706,0,0,28
1/21/2023 18:00,3.997597292,-0.315216487,306.0889776,37.09035641,0.053664399,74.6699062,1,0,6
1/21/2023 19:00,10.32531643,37.84304785,284.251361,42.41158336,9.335882945,38.23127787,1,0,5
1/21/2023 20:00,15.56455234,13.21992421,794.4921677,3.753277866,4.917130628,88.14837912,0,0,10
1/21/2023 21:00,11.25037846,33.55467323,406.8774954,44.33358923,8.695669695,90.7963374,0,0,14
1/21/2023 22:00,15.83121761,15.48644565,644.9724005,24.13650583,1.598616089,94.51927149,0,0,28
1/21/2023 23:00,2.600882054,25.61313731,369.5346743,76.32951101,1.691952688,88.90362749,0,0,4
1/22/2023 0:00,17.98948495,35.57077229,706.2532885,87.559089,2.728718176,57.24286209,0,1,16
1/22/2023 1:00,7.87404223,25.96509148,266.2403905,88.27742855,8.350475072,56.95344746,0,0,29
1/22/2023 2:00,20.36680305,7.727246686,550.4991572,99.05317999,6.95170185,34.85913043,0,0,26
1/22/2023 3:00,13.97268995,35.66871315,806.2793686,98.02218439,9.987128914,89.18213862,0,0,12
1/22/2023 4:00,9.046742507,-0.155905764,965.4588335,82.78426053,9.565178179,37.30395148,1,0,24
1/22/2023 5:00,21.48130058,12.67591303,412.0658863,3.828349242,1.530914649,79.64399477,0,0,14
1/22/2023 6:00,22.60045144,2.880314893,581.6085786,8.45114475,6.444398929,96.70287832,0,0,24
1/22/2023 7:00,14.32369314,7.249232729,327.3471492,17.62474908,1.137575396,87.73341816,0,0,9
1/22/2023 8:00,14.47105869,19.76655219,756.085734,18.13475555,4.171723885,64.66539765,0,0,3
1/22/2023 9:00,8.239015292,-8.129083342,555.3006976,88.51979365,0.425153494,26.6551942,1,0,11
1/22/2023 10:00,20.90753542,0.488681716,981.5245056,74.29379013,2.63316923,55.59835409,0,0,23
1/22/2023 11:00,14.20337381,32.72774019,631.0948215,76.94871121,2.2691028,28.87216474,0,1,3
1/22/2023 12:00,20.25667476,0.025289871,262.4835961,43.96190256,8.257840816,57.73093953,0,0,19
1/22/2023 13:00,19.50923024,19.39812888,23.9869369,13.81252389,7.449935605,25.64691113,0,0,23
1/22/2023 14:00,2.219417977,17.53931233,282.4854744,69.28611903,6.893183289,54.88319699,1,0,19
1/22/2023 15:00,6.329653788,20.91727972,838.1256709,66.16284562,5.974229686,27.17130195,0,0,24
1/22/2023 16:00,24.42537158,-2.874961716,144.358558,74.35776661,2.892388046,74.58660145,0,0,6
1/22/2023 17:00,4.96660807,-6.503772041,505.2727687,28.08780363,4.921298679,22.96037134,0,0,7
1/22/2023 18:00,9.945076398,-3.601359927,453.8087251,35.25806958,9.526230655,60.49996102,0,0,19
1/22/2023 19:00,23.69792522,32.88759573,703.3984969,40.193693,1.381585328,92.81946787,0,0,8
1/22/2023 20:00,5.60247713,-9.063387467,504.6006012,0.053637399,6.464408896,27.07545949,1,0,21
1/22/2023 21:00,15.0885454,-0.137794762,230.857836,80.76851096,8.975537648,62.19790862,0,0,4
1/22/2023 22:00,12.34746863,19.87888974,901.9074121,78.77345508,1.511071657,41.19931831,0,0,2
1/22/2023 23:00,2.588932037,7.9384333,813.254916,71.84470385,2.909299037,76.33425083,0,0,24
1/23/2023 0:00,13.55996257,15.59821745,736.3131248,4.893891791,7.614346939,90.00620259,0,0,26
1/23/2023 1:00,16.86202074,17.81765346,691.9762533,92.51264528,5.969513953,70.57973934,0,0,14
1/23/2023 2:00,18.25277197,-8.258287608,562.4406389,9.052066289,5.641233371,81.53661835,0,0,13
1/23/2023 3:00,13.34678922,-0.793480611,308.3065327,27.37385473,3.070688314,85.95008888,0,0,7
1/23/2023 4:00,6.647292424,1.549657608,60.76761952,37.70716849,5.306072419,80.8469341,0,0,15
1/23/2023 5:00,2.784200711,14.00418603,539.9914374,79.65085765,5.521481466,70.42393281,0,0,25
1/23/2023 6:00,6.837304057,36.02623542,892.3524494,96.04207304,1.745737061,88.51276359,0,0,29
1/23/2023 7:00,7.59664499,38.25337991,450.574731,95.29803477,7.412317484,85.72320383,0,0,23
1/23/2023 8:00,13.92375253,11.94990666,696.2142231,50.26652866,7.506544943,74.1083357,0,0,19
1/23/2023 9:00,8.402660507,-5.800693144,834.4886089,0.144074063,0.274482827,67.29967468,0,0,8
1/23/2023 10:00,14.54569789,34.71116664,57.11927571,30.64095358,4.767517014,50.58016203,0,0,13
1/23/2023 11:00,10.12152737,3.354098144,330.7042943,5.37771475,6.980416344,35.6414407,0,0,10
1/23/2023 12:00,4.288341733,-0.665342212,336.0158044,64.93424386,8.689093124,38.05532583,0,0,25
1/23/2023 13:00,6.711730344,35.90136032,825.5828927,13.89468869,2.202390767,27.42990682,0,0,9
1/23/2023 14:00,8.83613828,-8.102551341,748.6478655,56.87626894,8.714452737,35.63689306,0,0,5
1/23/2023 15:00,24.44988781,-8.103616222,228.1838876,5.407336477,7.199594975,46.42834102,0,0,15
1/23/2023 16:00,11.44702157,1.058269709,507.7240176,72.5053014,1.920883556,85.0039669,0,0,14
1/23/2023 17:00,6.192106955,-6.808090256,221.2274114,20.29176358,3.126969748,84.32810804,0,0,1
1/23/2023 18:00,1.474430452,-2.603196542,638.7442078,78.14006565,4.787804557,79.18046893,0,0,21
1/23/2023 19:00,9.186021975,34.48248819,766.7696023,98.58128117,3.396821526,30.08746283,0,0,17
1/23/2023 20:00,14.84431073,9.215740824,221.2227501,84.00556716,4.982738174,62.08233847,1,0,25
1/23/2023 21:00,7.535909091,4.664731404,736.5365615,84.31763342,0.83298448,88.53929178,0,0,18
1/23/2023 22:00,1.336570415,36.02372258,946.1906151,4.519040224,3.831978488,33.29681421,0,0,24
1/23/2023 23:00,14.36088525,39.6064505,55.40337467,40.54063445,8.233903269,94.90066113,1,0,9
1/24/2023 0:00,17.23014579,0.30210284,912.6641944,76.55592598,0.740765716,60.63856475,0,0,1
1/24/2023 1:00,2.15447401,16.4895771,258.7785641,48.14684573,3.234977982,50.52910559,0,0,23
1/24/2023 2:00,15.70360681,0.166040128,113.6234048,5.455655141,1.942358074,96.25635404,0,0,24
1/24/2023 3:00,1.498021118,10.17366416,196.8750663,28.21358756,7.713208189,22.31735939,0,0,20
1/24/2023 4:00,20.68539025,38.61402041,397.6338918,21.71288113,6.099142525,36.57175804,0,0,24
1/24/2023 5:00,23.48260465,-2.660675577,139.9434574,13.00801777,8.252747045,79.48777983,0,0,5
1/24/2023 6:00,2.854473768,23.37763789,227.1638157,41.2422844,5.320469255,94.82765946,0,0,4
1/24/2023 7:00,21.12980925,-4.985500062,464.572402,58.76962187,1.280269306,38.38398161,0,0,9
1/24/2023 8:00,14.79694436,12.90426382,999.9023053,93.94894783,4.456244497,92.88898328,0,0,6
1/24/2023 9:00,11.39620638,-3.280886229,911.5859716,7.019460787,4.654926431,47.51287601,0,0,11
1/24/2023 10:00,19.10035098,25.98161507,376.433236,69.53403897,3.606493521,75.32909973,0,0,19
1/24/2023 11:00,6.679468677,21.02018616,127.7399909,37.01590172,2.483323432,28.02560759,0,0,25
1/24/2023 12:00,12.55486528,26.9274247,586.4232023,65.18433011,8.926638982,68.63515336,1,0,10
1/24/2023 13:00,1.109251366,0.256747602,457.1639348,31.67933117,4.688530042,91.6513731,0,0,28
1/24/2023 14:00,21.68298153,28.09719173,358.7874003,21.6932346,0.410288057,97.29266536,1,0,16
1/24/2023 15:00,13.29168092,26.87128563,113.0432313,34.32967205,6.633012347,38.13385243,0,1,20
1/24/2023 16:00,6.700816978,24.13885581,444.7949179,82.83838067,9.57633468,92.59960451,0,0,10
1/24/2023 17:00,21.02921124,2.569862786,369.0022245,26.37945193,3.539017379,69.34126325,0,0,6
1/24/2023 18:00,15.75435032,-8.232555085,110.9850641,66.53407048,2.846158411,80.35694486,0,0,13
1/24/2023 19:00,22.79896312,22.49189851,37.82833511,6.289547019,1.698839301,80.09538718,0,0,27
1/24/2023 20:00,18.07728493,30.76611648,399.7463719,66.76132662,4.448495172,30.11849051,0,0,2
1/24/2023 21:00,17.27005964,12.06853288,49.78787391,74.92510613,3.587247447,63.6635008,0,0,2
1/24/2023 22:00,17.5556756,13.98125992,682.5396595,11.93703912,6.697795034,70.37527295,0,0,19
1/24/2023 23:00,20.12826936,18.70325989,966.3959381,79.95836909,6.242671197,62.78651724,0,0,3
1/25/2023 0:00,22.22666702,5.376813859,160.6254899,97.20386535,8.608976946,93.32692621,0,0,18
1/25/2023 1:00,12.27515229,22.96482362,362.6685426,35.76775349,1.211237286,64.68118858,1,0,2
1/25/2023 2:00,24.40495742,9.412732803,618.8642907,90.89998292,7.505119104,46.33475797,0,1,4
1/25/2023 3:00,13.73687315,-9.659507989,104.6247762,77.72713978,9.977934109,22.01183687,1,0,13
1/25/2023 4:00,5.321089667,22.75759822,115.032603,0.485386333,8.610767886,40.15662188,0,0,1
1/25/2023 5:00,17.26005204,12.53568805,699.3706526,60.35762238,3.463127576,38.35104156,0,0,14
1/25/2023 6:00,1.777395437,36.07249931,816.0876843,90.25068573,3.599808885,85.17258219,1,0,16
1/25/2023 7:00,17.16549184,9.791594095,309.8675747,58.01344692,2.851564378,20.67372,0,0,10
1/25/2023 8:00,14.98749729,17.90947897,345.3802703,81.93333951,6.50435462,87.90160172,0,0,1
1/25/2023 9:00,19.46361423,12.83030126,676.114997,52.41753736,3.926257575,81.49346805,0,0,14
1/25/2023 10:00,14.516978,-6.586313086,150.6943316,6.206142786,3.955228631,24.17630309,0,0,6
1/25/2023 11:00,9.285157189,38.21829146,708.8342898,51.45841941,1.451951071,61.70058189,0,0,23
1/25/2023 12:00,15.47025065,-7.674259484,668.382957,37.90287822,4.86505316,43.82655339,0,0,17
1/25/2023 13:00,1.728954101,33.35425241,278.2201407,19.45447208,3.734049842,60.4535864,0,0,20
1/25/2023 14:00,2.186945614,7.470647944,315.7965122,70.77375275,6.98288741,37.91683933,0,0,2
1/25/2023 15:00,6.463411229,7.790631731,951.037929,76.90767145,0.961563787,55.20073416,0,0,18
1/25/2023 16:00,15.29514459,13.57418839,269.344448,31.47759995,8.613354427,71.49035619,0,0,15
1/25/2023 17:00,3.269704216,-2.759271864,972.5882165,74.13755487,8.87294852,39.93391038,0,0,3
1/25/2023 18:00,3.322178684,13.06838232,568.2850003,51.48350607,2.484959739,95.53374957,0,0,17
1/25/2023 19:00,21.72504713,38.9224001,809.3081883,34.52761119,4.121979918,76.04732034,0,0,12
1/25/2023 20:00,7.075751356,23.48524689,798.9992331,57.00703616,9.997133569,63.99266052,0,0,10
1/25/2023 21:00,7.20477257,-3.37234802,920.6733649,34.57194107,6.833177693,97.6773469,0,0,29
1/25/2023 22:00,3.395546673,38.2323045,784.1890495,8.147298446,2.404589322,26.97066091,0,0,5
1/25/2023 23:00,21.88619903,10.48434521,845.2525878,5.117474053,3.395825386,65.29028682,1,0,28
1/26/2023 0:00,6.083395417,17.10913303,869.6208852,97.61314448,6.191173625,53.5095414,0,0,28
1/26/2023 1:00,8.27526245,6.101109536,1.750806477,63.8007706,2.344326179,74.41510892,0,0,20
1/26/2023 2:00,7.886214479,27.84444117,493.3362031,32.60385571,3.023453342,67.51742591,0,0,16
1/26/2023 3:00,24.71786569,36.7510498,898.440655,83.41932067,9.097906475,76.79906884,0,0,26
1/26/2023 4:00,14.04611512,27.92175554,533.3106791,8.578425341,8.81578616,88.43302333,0,0,2
1/26/2023 5:00,11.11103823,32.03238496,208.8259336,95.79412638,8.892875763,84.39535644,1,0,29
1/26/2023 6:00,10.36990926,6.640999058,856.659759,42.82001322,1.734107529,40.15493997,0,0,4
1/26/2023 7:00,6.063095306,-8.146354411,804.0920955,19.87455924,7.485045848,73.15326305,0,0,23
1/26/2023 8:00,23.64108023,24.7699712,643.5805049,41.20078219,5.379183743,93.23817136,0,0,28
1/26/2023 9:00,24.62871707,39.49061069,702.0211199,85.73243817,1.665884237,23.86521934,0,0,29
1/26/2023 10:00,2.428289016,36.84588768,890.0712913,28.59687667,2.64248047,68.8156885,1,0,16
1/26/2023 11:00,9.457803046,1.192719813,9.170895073,25.53514795,5.279043764,87.88472654,0,0,2
1/26/2023 12:00,19.01771863,37.41179828,341.6057779,56.1423236,3.86933949,30.64450382,0,0,8
1/26/2023 13:00,5.26138297,25.61750692,771.1690341,14.39278537,1.187485294,52.48806197,0,0,1
1/26/2023 14:00,17.32815028,14.58177737,200.3498805,21.59401932,2.938931742,50.5196223,0,0,17
1/26/2023 15:00,5.74277579,4.578381032,253.9766003,74.1433547,2.470310264,46.82582451,0,0,4
1/26/2023 16:00,11.09030488,4.806486585,444.6288696,69.14386178,4.482366118,36.33242154,0,0,1
1/26/2023 17:00,22.80262485,11.24889662,92.47786197,49.78520098,8.963684001,66.91530264,0,0,1
1/26/2023 18:00,18.44603907,15.23538186,303.3784789,48.13471018,7.29773519,71.59622836,1,0,20
1/26/2023 19:00,16.6336705,27.70082476,853.4900556,24.93183956,5.768492025,78.23465317,0,0,1
1/26/2023 20:00,21.19788515,26.66463592,578.9969362,49.81906399,7.776575996,72.69220468,0,0,17
1/26/2023 21:00,16.05769894,-9.452346105,111.4672353,64.19593299,2.389543326,94.37814877,1,0,18
1/26/2023 22:00,14.20113291,33.11541818,481.1042821,41.56462155,2.760511738,96.34746722,0,0,23
1/26/2023 23:00,13.82037702,11.84267098,398.525812,17.02710422,9.73769181,28.3466383,1,0,10
1/27/2023 0:00,18.48886157,-9.468810076,348.5019903,24.05108974,5.285977329,49.57663444,1,0,1
1/27/2023 1:00,15.08580621,16.71650081,981.8035266,43.10391525,6.19630094,66.34633709,0,0,25
1/27/2023 2:00,18.58957206,24.46702099,461.4185273,40.99341555,7.909885134,77.45155159,0,0,17
1/27/2023 3:00,16.60988371,1.600344697,550.1465728,94.98438527,6.720235452,43.60218973,0,0,4
1/27/2023 4:00,7.537437224,2.98610986,775.4186402,41.23982736,0.055462285,66.43068969,0,0,10
1/27/2023 5:00,1.047702334,35.77414347,883.5885839,7.2021708,8.082425241,31.81926513,0,0,9
1/27/2023 6:00,19.28955963,16.33377361,78.30211483,90.19558083,7.223948112,23.92845884,0,0,27
1/27/2023 7:00,8.695118807,-7.622764547,864.1045395,68.1132174,5.67254431,94.3170337,0,0,10
1/27/2023 8:00,15.41914056,6.027144952,436.7433874,48.81929548,3.426581528,58.12180904,0,0,23
1/27/2023 9:00,23.6294758,-2.920674436,712.2460183,10.74785184,2.587328337,50.45676491,0,0,19
1/27/2023 10:00,13.01427783,-3.331967905,971.9678712,7.360168297,1.214685621,63.15361089,0,0,28
1/27/2023 11:00,12.14881379,39.4060027,853.2551788,14.90421905,8.097785786,49.3075194,0,0,19
1/27/2023 12:00,12.46916521,33.94068117,573.6751704,0.699815251,1.881951678,56.98965563,0,0,13
1/27/2023 13:00,21.40303744,10.68316451,124.9454467,75.78779207,6.339701859,70.55444228,0,1,28
1/27/2023 14:00,1.506196906,8.892024766,181.1931114,38.07439599,2.708262306,22.97916609,0,0,14
1/27/2023 15:00,21.07064283,34.74065989,180.4852328,64.33454236,9.389689453,83.06572652,0,0,15
1/27/2023 16:00,12.8194316,20.332879,112.5422257,31.10601984,6.340840729,75.74045314,0,0,11
1/27/2023 17:00,12.76883027,-2.307844941,227.0729541,75.06868474,8.250694024,69.410562,1,0,21
1/27/2023 18:00,13.61992162,36.72702518,142.7403786,71.95630351,3.101611383,62.68413298,0,0,17
1/27/2023 19:00,13.04532731,35.9204699,709.3450427,95.56081229,5.191948738,85.18678188,0,0,1
1/27/2023 20:00,20.36107111,10.57236284,936.0439404,9.072195767,6.843248875,44.00783352,0,0,13
1/27/2023 21:00,12.61484385,-8.420176971,483.6660166,55.97662998,4.665421324,83.62259416,1,0,20
1/27/2023 22:00,22.76482018,25.97171993,870.6407033,16.19694713,8.61558017,71.29104498,0,0,8
1/27/2023 23:00,5.149454669,-0.540350135,55.82353741,33.72643802,4.908398748,77.09261295,0,0,11
1/28/2023 0:00,2.427489118,3.404633429,706.2543684,4.250503598,5.39586428,47.6213734,0,0,20
1/28/2023 1:00,8.616655521,21.93333596,140.7432094,94.19975833,7.746379672,36.17838017,0,0,2
1/28/2023 2:00,13.97922634,17.24936034,166.5408468,51.03639466,5.328138169,55.64802188,0,0,6
1/28/2023 3:00,15.25403133,2.949752922,458.3534868,18.48426326,4.979666853,30.33677857,0,0,3
1/28/2023 4:00,2.725784728,20.61707582,759.2419498,55.1303267,6.994259449,31.96670934,0,0,8
1/28/2023 5:00,18.97972845,13.82692918,692.1794045,98.82000489,1.904691928,66.66794556,0,0,24
1/28/2023 6:00,7.028643975,32.4975672,480.6459129,21.61073741,3.827096283,26.42865323,0,0,28
1/28/2023 7:00,20.89861959,11.8129457,436.8687062,99.15243521,6.780670833,44.6745359,0,0,25
1/28/2023 8:00,6.334317601,12.82522657,127.5095626,67.25158235,4.08826258,98.78664712,0,0,2
1/28/2023 9:00,21.5192978,-6.406525336,393.2449318,75.30485621,7.710658969,37.49589763,1,0,10
1/28/2023 10:00,7.957544041,34.96422413,250.2969075,34.16068976,3.262950718,24.59157772,0,0,22
1/28/2023 11:00,22.33401045,5.64783238,444.9184995,81.2190576,8.487454453,95.72949966,0,0,16
1/28/2023 12:00,20.55386507,18.29397836,323.1170441,24.59314967,0.642066996,79.26499184,0,0,14
1/28/2023 13:00,22.71311566,20.83832628,903.2736984,67.92592401,6.02644888,52.81650829,0,0,12
1/28/2023 14:00,18.36553686,23.85806286,327.1346185,17.2251462,7.649829144,63.30401792,0,0,13
1/28/2023 15:00,19.05004134,-1.019359039,770.4991379,30.35352952,6.777774362,94.42926135,0,0,29
1/28/2023 16:00,12.74339739,28.53590124,276.563479,14.8674851,0.923755722,40.40286201,0,0,11
1/28/2023 17:00,18.35676387,24.61132947,718.8047103,24.55147522,7.000052817,95.89438498,0,0,18
1/28/2023 18:00,1.215724333,38.17200188,616.0416655,83.77052726,6.870815229,42.07965012,0,0,7
1/28/2023 19:00,4.075759798,13.81433148,712.2875345,74.91682505,6.755555512,74.61932907,1,0,13
1/28/2023 20:00,18.49626288,0.241882794,104.1064788,51.55253441,3.930028705,39.49749841,0,0,16
1/28/2023 21:00,10.88763282,-7.308691988,688.6993494,95.18853848,3.78453062,89.69075014,0,0,12
1/28/2023 22:00,1.282865805,34.26597062,577.3397245,24.58690035,5.38373761,45.16658081,0,0,27
1/28/2023 23:00,2.620492805,-9.303063538,717.3019443,25.24387868,9.385847479,57.33469496,0,0,16
1/29/2023 0:00,15.48947281,-9.361241337,690.8835222,37.62321433,3.060179932,57.8692983,0,0,14
1/29/2023 1:00,19.11750938,39.72634998,933.5574251,6.155819795,8.298102377,28.04368972,0,0,19
1/29/2023 2:00,17.8414644,-2.126344834,581.5010508,43.37897851,0.415215827,80.5882971,0,0,4
1/29/2023 3:00,12.52980038,12.00084718,141.4962246,87.52054711,8.179044214,98.25507806,0,0,22
1/29/2023 4:00,12.60305771,27.85805975,846.445124,95.12725722,9.449015145,87.57344942,0,0,19
1/29/2023 5:00,4.306660429,12.4275684,140.9818426,84.00394964,6.506388166,22.90644517,0,0,12
1/29/2023 6:00,19.23637368,-4.525834986,646.4699596,55.98909595,0.694452912,95.53185308,0,0,20
1/29/2023 7:00,8.673012596,37.88187967,766.0315578,22.50437748,4.84167255,41.26414027,0,0,7
1/29/2023 8:00,24.77734725,2.621707517,938.4315977,32.82649358,1.280065887,74.10912917,0,0,28
1/29/2023 9:00,10.68708175,14.1317612,604.5524397,31.85402644,1.186118336,97.56908288,1,0,6
1/29/2023 10:00,23.58749139,34.26348083,928.6787469,5.649389412,4.529586266,64.36656532,1,0,14
1/29/2023 11:00,2.944208176,-7.156904134,285.8184794,91.43848875,6.401506485,54.07165172,0,0,5
1/29/2023 12:00,3.727630936,4.761199056,28.12324143,85.21623376,0.8231911,61.24792049,1,0,2
1/29/2023 13:00,9.698696727,37.15599059,229.6760776,87.56800113,2.467857041,74.98157844,0,0,8
1/29/2023 14:00,3.116410327,9.983659981,578.8584473,53.62978513,7.035778749,27.28830856,0,0,18
1/29/2023 15:00,7.540551411,7.318562879,427.8007963,93.51859038,4.68186043,75.53046682,0,0,2
1/29/2023 16:00,12.50761659,9.965277966,60.55117527,44.02639108,4.970199511,35.58525085,0,0,18
1/29/2023 17:00,7.880776499,33.49724715,274.2712072,43.39867479,8.875781347,79.06762316,0,0,4
1/29/2023 18:00,1.928835639,-5.135225562,265.2778415,28.27464113,7.744069215,96.61167886,0,0,5
1/29/2023 19:00,21.38325562,8.306391288,806.0321507,49.64114983,5.243073123,64.94068622,0,0,15
1/29/2023 20:00,12.84458045,33.74421593,402.9618897,94.43835156,8.518711512,81.54081525,0,0,14
1/29/2023 21:00,6.977108108,29.49070271,225.5309984,81.19895369,9.785094433,97.41697785,0,0,6
1/29/2023 22:00,5.688168845,35.86498319,380.3944439,98.39622442,1.532021391,81.2353114,0,0,26
1/29/2023 23:00,14.99534662,36.7741188,401.6310953,88.54216351,8.058262507,29.48444935,0,0,6
1/30/2023 0:00,16.96972637,12.07438787,56.68353816,24.4133406,6.568271799,26.5931529,0,0,26
1/30/2023 1:00,3.29124734,32.58860944,983.9198322,42.2827387,5.722794408,61.28488648,0,0,16
1/30/2023 2:00,8.690472083,23.66990247,780.7952395,97.8287755,9.40577395,97.7628694,0,0,7
1/30/2023 3:00,12.25913568,23.06703704,175.8113644,91.18961127,4.129614942,85.31411281,0,0,28
1/30/2023 4:00,22.86452309,-4.588367276,626.0892938,89.97268541,5.908949579,54.08631837,0,0,19
1/30/2023 5:00,3.974111128,38.32930902,541.1452387,11.78543133,4.444135859,90.15282544,0,0,8
1/30/2023 6:00,4.992416343,37.40730602,863.1430302,18.07117275,1.030378334,52.31909736,0,0,20
1/30/2023 7:00,19.18161293,38.17958532,103.832117,88.87390781,1.076203975,23.26200289,0,0,1
1/30/2023 8:00,1.417168677,9.728354646,30.51356147,85.36459366,0.891062437,27.53604305,0,0,25
1/30/2023 9:00,5.345218623,35.41085585,997.7776257,50.55388492,5.614531104,59.61606494,1,0,11
1/30/2023 10:00,1.944114047,-2.143677917,970.3854424,24.37920515,4.316203353,70.57878159,0,1,2
1/30/2023 11:00,24.5433731,-8.876407274,192.9180209,7.084501357,9.054428743,70.50688432,0,0,18
1/30/2023 12:00,2.798243038,-9.772553778,689.8357647,97.32276883,3.220617252,84.64024373,0,0,12
1/30/2023 13:00,2.370607947,-4.680200222,1.41458705,76.07741735,8.874836027,46.31507433,1,0,26
1/30/2023 14:00,11.86373378,15.36416624,791.1735566,64.94202677,1.060102003,90.89614377,1,0,13
1/30/2023 15:00,6.302820999,-8.566366266,350.5079806,1.526716026,8.271168351,66.32250337,1,0,19
1/30/2023 16:00,5.936483608,6.044575985,623.2392767,28.79030836,0.316742983,84.51195547,0,1,29
1/30/2023 17:00,1.678623962,34.36759366,192.3887107,22.1663409,2.359730975,56.22671862,0,1,29
1/30/2023 18:00,15.30283611,19.28758862,39.25251818,99.8855082,4.320415524,45.40495795,1,0,13
1/30/2023 19:00,20.8873702,3.415922463,601.0605281,34.70833367,7.916471071,99.7973216,0,0,29
1/30/2023 20:00,12.05922035,16.64634456,577.9655156,8.635399995,2.040160801,61.62164785,0,0,7
1/30/2023 21:00,9.357726257,2.415916751,431.5645475,63.34562479,3.386664195,76.44589214,0,0,5
1/30/2023 22:00,10.8961086,3.227222861,562.5792022,93.1397085,2.088313717,54.30534144,1,0,7
1/30/2023 23:00,9.963686181,-8.834357388,795.7587921,13.64312577,5.041569554,26.69860876,0,0,19
1/31/2023 0:00,7.519271594,3.449509804,770.2642099,17.06869642,8.087915843,95.543355,1,0,5
1/31/2023 1:00,24.0639438,14.6381827,28.98678029,70.41050859,5.271771351,72.21105869,0,0,21
1/31/2023 2:00,17.10672424,16.12857767,125.936343,26.41171125,1.406044386,83.0847647,0,0,9
1/31/2023 3:00,20.65733428,38.23023605,651.2076108,55.11596653,9.758310056,45.46373772,0,0,5
1/31/2023 4:00,13.39853544,33.13670763,375.5442378,11.24564173,8.969041753,98.31552586,0,0,18
1/31/2023 5:00,9.385380869,-2.613297677,294.7119278,37.0483216,6.924604651,63.28950542,0,1,10
1/31/2023 6:00,1.328829078,-8.492751417,44.989065,37.5350565,6.886854544,37.84122681,0,0,20
1/31/2023 7:00,8.862835873,19.8413257,585.6329217,33.91782123,0.730120631,96.9821262,1,0,6
1/31/2023 8:00,14.87828433,23.37752839,730.4146542,67.23866321,4.533554376,97.59992019,0,0,24
1/31/2023 9:00,1.412998008,11.83933456,553.7158157,21.18536744,3.132135638,91.66586522,0,0,8
1/31/2023 10:00,6.802052668,17.2329579,556.004788,74.0590449,2.076378515,67.9869739,0,0,17
1/31/2023 11:00,1.500180307,35.30787133,695.1318856,75.5045551,2.881769378,87.3098441,0,0,9
1/31/2023 12:00,13.34280966,28.24943436,702.3160974,0.090252409,1.708872704,97.81483215,1,0,20
1/31/2023 13:00,10.11422653,17.49659314,580.3186685,83.79311776,4.466156812,51.72286354,0,0,11
1/31/2023 14:00,11.07660177,14.32700507,939.8699748,82.5722451,7.815003348,26.97498543,0,0,16
1/31/2023 15:00,14.15809835,29.50399983,107.2574403,75.20912736,7.109867949,76.6991984,0,0,6
1/31/2023 16:00,1.537359426,38.99980812,428.4519899,97.31665649,0.049320295,48.65441526,1,0,9
1/31/2023 17:00,1.681369229,34.9280195,578.8599551,80.29050203,5.053271208,45.23555146,0,0,2
1/31/2023 18:00,24.44449647,29.93063483,6.349895493,42.98532567,8.132393112,55.49544832,1,0,10
1/31/2023 19:00,6.392477035,28.1267644,244.1801507,53.13711285,6.003917126,78.13804865,0,0,15
1/31/2023 20:00,17.49610402,4.886340038,444.8821574,10.29754872,2.417403179,65.76495821,0,0,1
1/31/2023 21:00,6.844918913,-3.745664704,601.7600443,37.95116928,5.562568747,38.47813027,0,0,21
1/31/2023 22:00,19.43257595,36.93385805,47.61078121,89.28940157,1.365980108,43.0936573,0,0,24
1/31/2023 23:00,17.02799799,-5.624591427,478.6678885,55.51986735,8.318618412,29.37986891,0,0,3
2/1/2023 0:00,1.807453663,-6.497540242,744.7443952,95.41292484,7.686833714,78.07624386,0,0,11
2/1/2023 1:00,8.981551783,10.56964028,789.8830323,1.554467621,7.101263418,20.19110524,0,0,24
2/1/2023 2:00,11.35795357,28.78331992,474.5380326,59.69451194,0.379681579,68.88149524,0,0,13
2/1/2023 3:00,10.55958957,-8.397495075,14.85180682,66.8791791,8.855855658,85.73064297,0,0,17
2/1/2023 4:00,2.558299069,36.27561835,156.539776,25.8454917,6.809184461,94.39808265,0,0,28
2/1/2023 5:00,14.64158907,8.526986488,440.8587298,81.58680509,7.960996438,89.08291203,0,0,22
2/1/2023 6:00,6.460391786,34.11869678,526.1626326,40.58363252,1.796581725,34.49193257,0,0,18
2/1/2023 7:00,17.05086449,14.52344351,330.1515135,1.333951929,7.197443989,52.00039206,0,0,5
2/1/2023 8:00,19.3446326,23.82671001,25.93263886,61.96492737,0.650182043,54.27675568,0,0,9
2/1/2023 9:00,23.76366568,-3.756043004,570.2394916,77.26518305,9.751098146,99.88563857,0,0,13
2/1/2023 10:00,10.77428453,0.331201394,128.3596081,76.68448187,5.759352797,96.22586084,1,0,6
2/1/2023 11:00,13.00549059,-6.383421705,545.3385806,33.57410747,7.905538523,79.52695098,0,0,6
2/1/2023 12:00,13.17550048,15.4485584,20.76593193,16.63154621,6.418140611,32.73675106,0,0,15
2/1/2023 13:00,17.30764354,22.50164484,57.06711687,99.63553643,9.7821981,97.26351423,0,0,22
2/1/2023 14:00,22.57832505,7.315917673,228.6026728,67.68039337,9.967694796,20.92114556,0,0,9
2/1/2023 15:00,11.81091297,12.53205813,80.89605269,57.60389825,8.864337846,23.53262841,1,0,3
2/1/2023 16:00,23.83834913,13.67589256,488.0808289,0.586252101,2.795439837,99.66876926,0,0,25
2/1/2023 17:00,20.41636355,31.70788198,269.07906,8.711250053,7.506678619,37.77938997,0,0,22
2/1/2023 18:00,6.23469849,8.573281835,42.84058902,65.0157847,0.536275647,60.20657309,1,0,8
2/1/2023 19:00,21.92062625,13.90573059,405.7753872,81.93222584,8.057318749,58.00818346,0,0,3
2/1/2023 20:00,22.5273571,-3.004324378,620.0070237,41.84949938,1.662849402,74.33655582,0,0,8
2/1/2023 21:00,13.38467188,22.60035928,700.0989314,72.7949115,6.738955855,52.92148051,1,0,21
2/1/2023 22:00,17.02813325,1.933630655,906.9010688,13.14357045,3.469390001,56.53599039,0,0,19
2/1/2023 23:00,15.95621311,-3.036841535,946.7335512,4.995574861,4.262918539,72.66298897,0,0,21
2/2/2023 0:00,18.88146807,31.33207059,744.0293558,33.50827565,2.298980308,23.443004,0,0,7
2/2/2023 1:00,2.880778532,35.7862679,692.338382,71.79796968,8.981798711,63.75006896,0,0,5
2/2/2023 2:00,5.418029826,38.78285993,777.2925619,58.64508346,2.965114358,47.11271524,0,0,10
2/2/2023 3:00,3.341390073,19.26204634,741.1895522,86.73171091,3.254138487,99.80774054,0,0,21
2/2/2023 4:00,23.0584692,2.787246955,928.8388087,34.16512107,5.683042702,79.93311088,0,0,9
2/2/2023 5:00,14.85201448,6.249891989,554.9766282,59.11399304,7.019910714,40.91873479,0,0,24
2/2/2023 6:00,13.39690206,-4.661847718,275.3959742,3.129238301,4.677291466,50.02378531,0,0,18
2/2/2023 7:00,5.353434179,-7.436369489,684.5342169,24.70937411,9.267563427,39.46140964,0,0,16
2/2/2023 8:00,10.28117968,36.72051156,210.9477071,99.40342989,4.266341799,29.87342449,0,0,18
2/2/2023 9:00,7.395585375,-2.018905385,935.195013,96.52844539,6.697895044,70.18248822,0,1,24
2/2/2023 10:00,8.442597345,16.0188985,225.5126528,83.80933415,6.207149132,32.15327512,0,0,3
2/2/2023 11:00,15.94819103,8.447242599,996.5541403,34.3680088,4.409284815,50.66726691,0,0,1
2/2/2023 12:00,12.84107809,0.1549356,241.5735909,89.35323212,3.622877419,68.523948,0,0,21
2/2/2023 13:00,17.9833658,27.82773204,951.1592868,86.26345294,2.004745724,43.74804536,0,0,13
2/2/2023 14:00,20.02007079,18.88611679,86.68549187,61.64362704,8.932555634,49.08949723,0,0,16
2/2/2023 15:00,7.005562591,28.81743733,246.1099045,97.44882762,4.476018588,84.72051314,0,0,12
2/2/2023 16:00,14.19974415,21.48745466,427.8592945,11.10957131,3.859182053,46.47218768,0,0,9
2/2/2023 17:00,8.054937697,13.32579277,417.2360245,95.40496765,8.884583823,55.90866475,0,0,23
2/2/2023 18:00,18.68846406,1.693972733,190.8766475,44.22419071,9.349953543,69.71083261,0,0,8
2/2/2023 19:00,11.00189117,6.547518379,818.5659748,91.19822093,0.472131963,58.72458621,1,0,16
2/2/2023 20:00,15.16913302,24.84107593,208.4855001,14.83096782,3.091522292,72.94941309,0,0,21
2/2/2023 21:00,5.597979463,0.998600096,205.9938029,88.90035721,3.605839436,50.82785064,1,0,29
2/2/2023 22:00,17.64862278,4.81037341,780.6538101,49.21355829,6.588286423,80.50177337,1,0,1
2/2/2023 23:00,4.866357323,20.69301697,869.4084911,6.434360692,7.447809851,66.83456644,1,0,9
2/3/2023 0:00,23.56309432,29.73063994,449.1214448,60.37050134,2.103962293,57.92372147,0,0,20
2/3/2023 1:00,10.76655177,34.45703583,798.3620832,84.87333302,7.951380573,37.56015779,0,0,2
2/3/2023 2:00,9.329679963,-1.216864815,681.0285219,12.31691031,8.342737712,20.21683033,0,0,6
2/3/2023 3:00,14.21523431,20.49207312,468.9075283,68.87378672,3.746352909,93.82695846,0,0,1
2/3/2023 4:00,8.672424981,27.6726955,85.45678142,26.94806403,9.994162411,21.6992383,0,0,22
2/3/2023 5:00,7.012260114,38.47694181,680.1324958,76.20986481,0.886394615,38.09651119,0,0,11
2/3/2023 6:00,13.76134699,37.7717593,112.6265133,44.74125099,4.843153132,93.76267336,0,0,7
2/3/2023 7:00,7.983069594,-4.012299994,368.2787397,84.74609831,4.629282202,80.02615363,0,0,18
2/3/2023 8:00,14.9643381,24.20194654,975.6941939,91.29020638,9.898271301,78.15578352,0,0,21
2/3/2023 9:00,8.63766115,6.347282045,295.8277875,75.82660322,2.131489543,56.69186167,0,0,7
2/3/2023 10:00,16.55111454,-9.564121147,381.3069248,79.77964004,6.283166783,49.5573025,1,0,8
2/3/2023 11:00,11.18745692,29.56839247,207.8142837,52.53878052,1.065303588,52.88677611,0,0,12
2/3/2023 12:00,3.795101049,-1.106183093,152.5616609,56.38104815,1.151648385,70.18645203,0,0,4
2/3/2023 13:00,1.344270839,-9.892580368,678.0012497,76.60453439,9.439483847,40.18924319,0,0,6
2/3/2023 14:00,4.035057394,7.474273587,704.1084576,41.72846799,2.359965454,55.58058598,0,0,15
2/3/2023 15:00,18.48017227,14.83662884,507.556618,74.1748717,5.548124689,23.5997143,0,0,22
2/3/2023 16:00,14.3316705,-2.166484479,350.5533562,31.59737492,3.93930818,62.05679779,0,0,11
2/3/2023 17:00,19.43345962,36.93999379,483.9828442,65.54287703,5.790817885,48.59334297,0,0,17
2/3/2023 18:00,21.06729479,24.03108536,76.41061436,57.65960343,5.967813455,45.76187051,1,0,7
2/3/2023 19:00,12.35929144,15.95644394,511.8034713,80.79848218,8.040815301,69.22750033,0,0,19
2/3/2023 20:00,10.04045368,34.76119575,734.3659929,24.11686437,7.12257497,91.11933524,0,0,12
2/3/2023 21:00,2.348402627,-0.690205685,481.8229831,70.02150401,0.234507028,22.16698528,0,0,10
2/3/2023 22:00,16.45411065,4.986788608,708.7183006,21.94210573,4.725447612,33.31572288,1,0,25
2/3/2023 23:00,11.87622693,12.65104639,826.5664855,15.48427973,0.521136873,33.598409,0,0,23
2/4/2023 0:00,18.21854434,11.26937596,715.7556295,68.90727375,2.042669466,30.51325184,0,0,2
2/4/2023 1:00,14.40368413,28.09057691,994.835037,43.25682179,5.58602684,30.42112441,0,0,3
2/4/2023 2:00,23.91691527,16.18487868,205.0359454,2.172894453,1.486651707,78.12424934,0,0,8
2/4/2023 3:00,1.777235539,16.68360541,894.5211374,90.96260606,7.237788064,23.05996047,0,0,19
2/4/2023 4:00,23.94572381,-3.09641047,770.4817419,78.0782127,7.789624119,85.4930943,1,0,14
2/4/2023 5:00,4.328881467,14.54425732,598.0636846,79.91165817,1.764426311,85.25194448,0,0,28
2/4/2023 6:00,15.71371601,13.08951438,749.7222099,73.75828681,6.400527736,68.95661896,0,0,16
2/4/2023 7:00,10.75146767,12.31033906,726.067632,51.86788172,7.26948352,51.65186141,0,0,10
2/4/2023 8:00,15.74719667,-1.803801091,917.4869888,35.63736521,6.912830406,54.53313713,0,0,4
2/4/2023 9:00,19.39294218,38.16601226,592.7462856,21.60685261,9.0575883,41.09941638,0,1,5
2/4/2023 10:00,19.74979282,1.100241138,966.4866312,45.60646716,6.128549314,48.86798162,0,0,4
2/4/2023 11:00,2.504515298,12.75188139,88.70636332,77.9926844,1.505450813,44.55310752,0,0,14
2/4/2023 12:00,1.890717411,21.17726048,96.61982078,0.067570302,0.755112709,27.12359064,0,0,2
2/4/2023 13:00,15.98776089,24.73793688,497.2553032,98.27838405,0.118378919,79.09866689,0,0,4
2/4/2023 14:00,6.228239272,-8.278375732,790.412499,45.84269546,6.736320112,60.71534875,0,0,15
2/4/2023 15:00,2.436470819,10.6788416,736.6188025,2.252169699,8.341855202,95.7103159,0,0,29
2/4/2023 16:00,24.15706471,4.329468268,539.3039831,62.56175319,7.005901325,61.20300865,0,0,18
2/4/2023 17:00,22.05298052,-3.212543524,467.6333474,87.54262235,9.464077124,23.94700549,1,0,14
2/4/2023 18:00,20.10695983,7.868447644,207.0619428,90.57920901,8.615304717,20.77861819,0,0,16
2/4/2023 19:00,24.2826964,32.36833737,780.8827482,71.55974252,9.379168711,58.97270809,0,0,3
2/4/2023 20:00,11.61401875,8.470182292,284.2659745,31.8202754,8.561136413,61.38953463,0,1,14
2/4/2023 21:00,22.11808359,13.95843494,654.2949773,47.21025021,7.673776845,95.84786689,0,0,10
2/4/2023 22:00,7.403114456,19.83125505,324.2795307,28.47337093,1.121969898,74.73519905,0,0,13
2/4/2023 23:00,17.51564694,36.79766218,322.8052435,83.10021594,5.98077549,77.65675091,0,0,19
2/5/2023 0:00,19.35942899,-0.548191327,748.6455702,69.38502727,2.193002777,64.01330104,0,0,5
2/5/2023 1:00,15.90159061,24.98508299,83.38424493,94.68797271,7.724690706,22.60380176,0,0,25
2/5/2023 2:00,19.10272318,-4.608872718,136.229918,75.78952126,7.670677809,32.6566604,0,0,8
2/5/2023 3:00,19.40101754,34.81725344,145.051539,50.25443138,0.192409436,40.47442595,0,0,17
2/5/2023 4:00,21.39532124,20.83044318,630.6941441,11.46469716,8.619460849,53.63011949,0,0,3
2/5/2023 5:00,5.101985726,19.79678842,814.7289942,31.96652736,4.29070734,53.34393125,0,0,8
2/5/2023 6:00,7.289647021,39.10503682,343.6626757,45.09568237,4.215035483,57.05415294,0,0,23
2/5/2023 7:00,14.59872427,4.54451365,90.88811451,20.43635273,6.383405509,56.07886616,0,0,24
2/5/2023 8:00,16.85128059,-3.797187561,524.7291912,9.940115908,8.337003395,33.80222107,0,0,6
2/5/2023 9:00,16.2301808,12.13870376,702.8639578,45.08219115,5.509702472,63.78900065,0,0,20
2/5/2023 10:00,6.561258783,17.56537425,889.9624351,63.93643915,6.340706779,55.27164445,0,0,15
2/5/2023 11:00,16.77174025,3.82135436,736.7219506,26.09719084,1.799237887,23.46350291,0,0,17
2/5/2023 12:00,10.92839692,11.21258037,527.3925503,87.83120849,1.322677658,21.17230227,0,0,25
2/5/2023 13:00,1.989741213,-8.382598446,99.18613266,38.89749425,6.317363089,33.06032742,1,0,17
2/5/2023 14:00,11.53207653,-2.355535839,151.8984558,18.23973274,7.853334874,97.03519668,0,0,19
2/5/2023 15:00,6.549268517,17.33290342,939.0632651,56.79455854,9.46870055,31.55384338,0,0,4
2/5/2023 16:00,7.476565379,4.973614139,136.9838917,46.31927655,4.636040288,54.37419135,0,0,26
2/5/2023 17:00,14.90973778,38.43926798,416.2984659,1.732930714,0.957817966,96.64763621,0,0,2
2/5/2023 18:00,15.99917862,3.176808909,105.2048731,10.00448688,9.722540528,34.96167676,0,0,27
2/5/2023 19:00,24.26694506,26.05639106,646.9835519,17.31808238,5.717516221,30.7085946,0,0,11
2/5/2023 20:00,3.003805798,-7.207745644,780.9334908,33.23877591,2.821867547,99.12859428,0,0,18
2/5/2023 21:00,12.44211625,0.687622675,470.7043525,43.67647806,2.459491307,86.28847448,0,0,22
2/5/2023 22:00,3.680724164,28.72906517,964.9863342,45.65307482,5.192207559,87.2144504,0,0,10
2/5/2023 23:00,4.404895103,2.832400734,578.9786237,47.58236823,6.724612712,28.87689075,0,0,28
2/6/2023 0:00,7.973596723,33.95836609,53.5068423,12.08794378,3.072595433,89.39382788,0,1,24
2/6/2023 1:00,13.35608184,3.088464232,447.9028207,90.20188201,4.60830315,78.04007671,0,1,19
2/6/2023 2:00,20.19530963,20.20434806,857.122454,39.3899672,9.331602342,97.43705802,0,0,28
2/6/2023 3:00,8.026078616,23.08929691,626.9523368,18.33436421,2.714936247,79.95198172,0,0,11
2/6/2023 4:00,24.56557826,38.58143224,303.0501552,4.213030158,5.903021351,90.17772025,0,0,4
2/6/2023 5:00,16.67900894,36.9478205,425.2415143,56.58093502,6.356205688,76.44626313,0,1,18
2/6/2023 6:00,10.8535875,4.522459638,783.1751736,57.41612223,2.948340551,29.71388658,1,0,3
2/6/2023 7:00,21.26456756,33.53530227,912.7185737,68.40530447,5.231910012,71.21540126,0,0,4
2/6/2023 8:00,4.232060705,31.77504174,201.4367257,29.77063184,8.337345108,89.86650343,0,0,24
2/6/2023 9:00,24.52915992,3.659135787,136.0879506,60.16796758,6.462043885,67.96347199,0,0,12
2/6/2023 10:00,8.210005632,35.52626627,630.8248846,22.58842061,7.144708056,65.40270998,0,0,7
2/6/2023 11:00,21.47202519,11.47765312,98.58310767,2.581644179,2.080189385,60.358688,0,0,2
2/6/2023 12:00,6.469559635,0.818464083,171.3266317,86.02737903,9.069679892,82.74616266,0,0,9
2/6/2023 13:00,12.11288931,19.37068643,582.5947901,87.16071915,5.231617767,97.21638209,0,0,10
2/6/2023 14:00,17.10357908,1.59137038,396.9048002,97.92286023,1.503899662,75.47497345,0,0,13
2/6/2023 15:00,20.25420272,27.88511428,430.4656463,38.3838052,1.464622033,42.15739322,0,0,6
2/6/2023 16:00,1.659977604,21.30240317,929.6346486,59.34540368,9.304417911,95.80034606,0,0,26
2/6/2023 17:00,4.47121437,-4.061098311,527.5248722,41.38231628,3.541686096,88.83573776,0,0,13
2/6/2023 18:00,9.654319078,-9.179328233,543.1469957,64.97758552,5.41742357,51.7115839,0,0,22
2/6/2023 19:00,1.009075623,21.30414379,336.8697774,60.00903697,7.763473461,62.27876455,0,0,23
2/6/2023 20:00,3.454639823,12.35302267,138.6513916,58.84513566,2.836096157,36.09527996,0,0,25
2/6/2023 21:00,8.216876167,-9.758146707,886.0197836,25.81767164,3.22365432,38.05610789,0,0,5
2/6/2023 22:00,9.601470469,16.33638567,951.9926425,52.54888,2.058806889,24.19594763,0,0,7
2/6/2023 23:00,23.19777071,13.58972955,538.4758199,57.93177758,8.086029597,84.94024632,0,0,7
2/7/2023 0:00,14.30434472,4.964320566,279.5988755,21.30253821,9.882004774,36.98939342,0,1,28
2/7/2023 1:00,2.337328325,-4.986827164,653.0078366,53.94307244,4.959728515,34.55027177,0,0,12
2/7/2023 2:00,20.44339535,37.10722182,762.5205525,81.22406614,7.342487488,87.88993889,0,0,3
2/7/2023 3:00,8.100146185,12.38451527,684.0058883,79.64674911,8.672304034,92.85879652,0,0,3
2/7/2023 4:00,6.283422575,23.89981565,746.2407686,76.97650527,7.576903811,83.23642249,0,0,18
2/7/2023 5:00,24.12832442,5.924648699,810.6978097,45.06003328,8.206805962,63.56274069,0,0,9
2/7/2023 6:00,17.75381719,0.14243601,331.4002191,34.57152552,9.67379175,53.739666,0,0,28
2/7/2023 7:00,15.4820159,31.53082004,605.8628491,70.44658526,4.004888707,79.22916172,1,1,9
2/7/2023 8:00,19.14003537,13.88038589,553.7414137,20.07390671,5.774056278,79.17044978,0,0,8
2/7/2023 9:00,7.230973677,14.05138564,875.611225,81.49110014,0.627809344,73.45611311,1,0,1
2/7/2023 10:00,2.777313523,2.957878846,63.15913024,64.33334235,2.306813771,74.66845645,0,0,7
2/7/2023 11:00,16.69547103,13.88438537,489.2646327,52.56683195,6.211163339,31.0814666,0,0,8
2/7/2023 12:00,10.03923567,37.74921824,9.945446523,51.42624974,7.204666863,22.25035359,0,0,24
2/7/2023 13:00,11.83603588,38.09511682,204.5925912,45.07673055,1.142978256,53.97816015,0,0,27
2/7/2023 14:00,7.131674396,25.52193422,447.4470734,92.82709358,9.660699585,31.28489903,0,0,28
2/7/2023 15:00,17.4008702,16.32369386,726.7089469,18.50895322,1.985640307,47.78001383,0,0,4
2/7/2023 16:00,19.3041164,39.00534442,334.6278772,0.661753206,0.695004546,97.7380878,0,0,14
2/7/2023 17:00,5.510803406,6.525352595,128.1681834,63.77598311,2.523985327,68.60080666,0,0,16
2/7/2023 18:00,18.54202253,10.68555123,846.6641419,54.13966876,2.210641425,33.22293469,0,0,24
2/7/2023 19:00,13.30447319,32.9665889,101.0203959,40.13748058,5.115195337,27.97598475,0,0,11
2/7/2023 20:00,20.57925976,7.65181382,727.3283607,8.013683941,2.947818599,80.77546494,0,1,29
2/7/2023 21:00,19.10866626,-9.012631334,16.6470144,46.39620178,1.99768488,99.88157513,0,0,11
2/7/2023 22:00,15.7359639,18.83544253,482.2106052,60.10857332,1.801164444,20.65963063,0,0,16
2/7/2023 23:00,23.0973458,2.16967922,115.4224815,65.93715657,1.772139785,53.05110024,0,0,28
2/8/2023 0:00,12.86654458,27.60221189,327.1916952,10.79798654,6.827654052,22.10038329,1,0,23
2/8/2023 1:00,4.264306027,5.499212004,675.9738733,16.60369035,8.456764371,47.86371418,0,0,12
2/8/2023 2:00,7.131827606,19.2302648,371.0504888,81.5558068,9.942761165,23.12135649,0,0,23
2/8/2023 3:00,14.61941313,-2.036771911,189.7917586,56.31789045,6.528730707,97.47389231,0,0,22
2/8/2023 4:00,15.31496484,36.73607894,633.2668481,73.87715558,2.013071899,20.69682607,0,0,17
2/8/2023 5:00,13.79696133,11.76441766,155.6266879,97.86878299,5.146512203,25.71383378,0,0,10
2/8/2023 6:00,23.31950041,11.85025471,179.6939914,86.4037614,2.003660602,68.88266928,0,0,8
2/8/2023 7:00,2.20797196,31.18199093,943.7672778,60.15851268,6.24199328,45.46979577,0,0,3
2/8/2023 8:00,6.834970238,27.69481752,66.6435733,43.99110611,7.022394869,41.78171754,0,0,22
2/8/2023 9:00,14.01827089,22.29300962,502.8067218,94.71895504,8.567004215,58.14861136,0,0,26
2/8/2023 10:00,16.27443183,-4.593552787,573.9476103,58.16012848,7.707056527,37.14360826,0,0,29
2/8/2023 11:00,18.00150163,12.21058839,295.0557475,3.478176444,1.010851467,38.28649189,0,0,23
2/8/2023 12:00,4.40609939,28.60796455,135.2025433,0.617058868,1.671918778,73.75369402,0,1,15
2/8/2023 13:00,7.87703783,21.7942137,717.7354993,80.87173071,6.942683819,47.78589413,1,0,15
2/8/2023 14:00,16.44736461,31.89089199,821.1870725,23.15192948,2.07981064,77.02412053,0,0,14
2/8/2023 15:00,21.35924573,38.15297214,40.77457305,59.59004126,7.258930211,59.19854084,0,0,11
2/8/2023 16:00,8.319310027,21.59614715,833.0460039,44.41153133,5.922533318,24.78439742,0,0,21
2/8/2023 17:00,3.722987127,13.38653047,187.8891421,47.7699966,9.940740263,82.17348275,0,0,21
2/8/2023 18:00,5.899715949,4.037877457,223.7256871,56.38596759,9.153328407,65.58740386,0,0,2
2/8/2023 19:00,19.42565533,39.94859724,562.0579809,57.00232599,4.877843353,30.6897211,0,0,27
2/8/2023 20:00,11.69252523,21.05697395,967.2992977,25.01327706,4.220703619,24.72107294,1,0,14
2/8/2023 21:00,9.472233003,-6.246674082,207.090744,14.76419656,4.901338442,87.96890067,0,0,6
2/8/2023 22:00,1.30133216,2.969090103,835.0190875,2.132528917,2.000990334,98.03843264,0,0,28
2/8/2023 23:00,4.499975253,-9.932240112,177.7743951,53.18617401,6.743842846,52.04262478,0,0,22
2/9/2023 0:00,5.832714113,8.971760384,329.9410782,74.76884205,3.53724606,35.12249344,0,0,22
2/9/2023 1:00,6.723003003,10.22920904,479.9735942,67.69810978,1.836539771,80.18712637,0,0,11
2/9/2023 2:00,7.024093299,-5.763760542,784.6794218,46.59309568,6.282531519,75.33222013,0,0,21
2/9/2023 3:00,19.00042092,30.62662163,155.477682,8.563641797,3.153005957,42.72723328,0,0,22
2/9/2023 4:00,11.67140133,19.00209727,499.7472186,45.15992631,4.023600043,98.19150566,0,0,17
2/9/2023 5:00,3.747543482,35.53050528,311.8586605,4.56688109,1.822605135,82.29954686,0,0,11
2/9/2023 6:00,21.14843359,0.67535972,683.5690607,10.58898866,2.851902361,65.47011342,1,0,24
2/9/2023 7:00,7.593894805,-7.939706265,84.01573855,83.19752283,4.292465272,81.38662106,0,0,6
2/9/2023 8:00,6.549772019,-7.002041969,857.1749625,41.79783189,2.902100075,89.70577211,0,0,29
2/9/2023 9:00,13.84771153,23.92235398,997.3354719,28.3681182,4.064454999,55.2240345,0,0,28
2/9/2023 10:00,7.574770568,29.42022033,954.2254264,96.2630627,1.493434516,70.01717561,0,0,27
2/9/2023 11:00,12.15585324,36.89446216,48.58182993,47.02527168,0.107362801,32.50190354,0,1,26
2/9/2023 12:00,20.14376477,17.18064269,659.4593648,24.45630742,3.942518427,84.67005793,0,0,2
2/9/2023 13:00,18.96814904,-1.283241597,897.0215428,45.35331162,3.9551553,62.46530833,0,0,12
2/9/2023 14:00,23.03460831,3.077249757,125.838003,19.32602614,7.339801961,39.03340979,0,0,20
2/9/2023 15:00,2.079182932,9.536782659,806.2228593,56.03639977,2.333237324,20.70057111,0,1,24
2/9/2023 16:00,14.87137001,32.30653891,975.1834106,80.64496754,6.237639795,87.96111388,0,1,17
2/9/2023 17:00,10.99528999,39.92873667,794.2348011,7.312693071,3.964181669,25.35245164,0,0,28
2/9/2023 18:00,19.93096624,4.280464527,639.1871813,68.1686114,0.758416937,84.15782299,0,0,16
2/9/2023 19:00,7.331683817,14.13172364,859.9841629,74.24439848,8.11334994,30.27253734,0,0,13
2/9/2023 20:00,20.27842552,11.66136224,753.5500337,84.43509653,7.250362413,23.14368778,0,0,25
2/9/2023 21:00,20.14231281,-4.64981801,794.3915322,70.23104437,7.044449561,74.69722535,1,0,23
2/9/2023 22:00,16.98048937,10.921266,406.6366508,34.78967292,6.08830475,39.78172478,1,0,1
2/9/2023 23:00,19.99492051,20.20395091,921.097115,51.25010687,1.039105289,99.71758003,0,0,1
2/10/2023 0:00,9.625162576,21.54472853,67.30083895,69.33744179,4.364891662,26.04546744,0,0,4
2/10/2023 1:00,20.44745855,9.384958447,723.1016039,32.19175043,6.722837154,97.61046116,0,0,7
2/10/2023 2:00,18.92282853,29.03677299,759.1717343,24.50694274,0.829187074,50.38982393,0,0,11
2/10/2023 3:00,3.648216232,29.75011218,463.2211962,13.85105964,6.018716985,72.53134917,0,0,3
2/10/2023 4:00,17.69456767,1.819146885,740.9496327,76.13053156,1.182444635,98.59909678,0,0,3
2/10/2023 5:00,6.609714338,2.521586022,46.91380577,39.18695563,7.10737196,76.3666785,0,0,9
2/10/2023 6:00,3.333560746,29.11511723,975.9935875,15.1869438,5.022646766,66.16298308,0,0,20
2/10/2023 7:00,10.3160099,39.3335347,727.0008903,23.42302383,4.40894271,95.40115041,1,0,12
2/10/2023 8:00,2.054526047,26.72570856,149.4769663,39.30750729,0.246875993,63.00104936,0,0,24
2/10/2023 9:00,13.29185451,13.09199153,705.0600029,66.44932375,8.041568164,47.35673564,0,0,10
2/10/2023 10:00,9.685038081,-3.194446387,546.5271508,3.924098154,3.643542097,79.52573025,0,0,9
2/10/2023 11:00,15.27686099,36.43768062,851.1106222,99.30260754,3.243766239,32.38783343,0,0,22
2/10/2023 12:00,2.675457075,-7.33437579,951.3984546,34.16108354,5.947977948,30.54140827,0,0,1
2/10/2023 13:00,1.550358745,18.59470717,921.4872454,52.95437971,6.29141787,47.12018696,0,0,21
2/10/2023 14:00,13.76473574,-6.708125155,687.5832093,86.01198282,9.232561668,81.51855762,1,0,29
2/10/2023 15:00,23.06818405,-2.870233626,239.1242628,75.14120111,5.70701959,89.86549219,0,0,18
2/10/2023 16:00,12.21686959,-6.378817066,202.6372702,35.60498058,9.196223218,56.31701296,0,0,3
2/10/2023 17:00,15.02762435,32.02833923,698.7133231,38.16366212,4.322612221,27.86144929,0,0,9
2/10/2023 18:00,17.1924744,24.27486511,982.0276395,62.16021679,6.746657026,27.54299492,0,0,20
2/10/2023 19:00,20.01276009,20.29588406,676.4627,8.157089183,0.030162459,80.38199612,0,1,13
2/10/2023 20:00,2.93082835,36.40869599,997.4675502,14.85629639,1.221152372,45.57600373,0,0,28
2/10/2023 21:00,19.83431107,-1.216432547,166.8493529,85.81003513,4.342526052,99.78319884,0,0,16
2/10/2023 22:00,19.21102577,22.75386176,483.4985414,24.68109699,2.007893743,33.14310923,0,0,22
2/10/2023 23:00,7.151215199,-2.947579247,598.6508931,12.38065529,1.37316361,79.31495681,0,0,20
2/11/2023 0:00,20.32273816,29.78579837,379.1278629,61.56990637,7.857524918,90.76621516,0,0,9
2/11/2023 1:00,14.4031194,9.47996591,485.0802774,28.6363173,6.34982542,28.66787086,0,0,18
2/11/2023 2:00,10.77672277,21.72163276,70.32232357,64.88491605,0.111563165,51.15810199,0,0,14
2/11/2023 3:00,7.28090741,7.666234605,573.0680793,92.68472435,1.136671995,56.6337811,0,0,10
2/11/2023 4:00,14.43734195,38.80857238,386.4129991,59.98664093,1.307024951,22.40373177,0,0,7
2/11/2023 5:00,14.37625973,-6.817727664,863.5983576,75.95944296,9.948827408,99.08323614,0,0,22
2/11/2023 6:00,17.55095977,26.90206097,995.7446442,87.67612993,0.15459014,40.22153027,0,0,5
2/11/2023 7:00,10.61315955,29.81693949,509.1618609,47.49153446,6.707514311,20.90105081,0,0,27
2/11/2023 8:00,19.15534559,6.71473331,534.0698982,60.98743747,3.107199403,84.47277428,0,0,28
2/11/2023 9:00,2.06798516,12.54295171,23.35278412,24.11917198,7.932624766,46.88048683,0,0,11
2/11/2023 10:00,15.5881881,21.00263775,45.98680677,21.75776518,2.771532899,64.32725342,0,0,10
2/11/2023 11:00,2.520319103,0.558736098,935.4224243,55.11765876,7.629975626,94.34307378,1,0,23
2/11/2023 12:00,7.645700979,20.75978913,669.1889907,90.76373108,3.358611272,64.14933638,0,0,16
2/11/2023 13:00,8.107083706,19.13473433,538.054009,12.80000996,3.096941973,26.92233574,0,0,14
2/11/2023 14:00,20.56441521,13.53134726,211.0146348,22.92398271,0.058751679,79.27342534,0,0,8
2/11/2023 15:00,9.235077121,10.8457884,417.6892983,22.54604614,7.093649313,53.34403122,0,0,26
